index,camera_time,body_time,requested_angle,wheel_angle,wheel_read_angle,applied_steer,speed_m_s,throttle,brake
0,0.03999999910593033,0.04000000000000063,0.0,0.0008911097717867299,0.0,0.0,0.005026712120368134,0.9300000071525574,0.0
1,0.07999999821186066,0.07999999999999935,0.0,0.0009812741044901536,0.0008911097717867299,0.00013709381164517254,0.004356410741071517,0.92849200963974,0.0
2,0.11999999731779099,0.11999999999999494,0.0,0.0014168328835379212,0.0009812741044901536,0.0001509652502136305,0.0035632172900000314,0.9286930561065674,0.0
3,0.1599999964237213,0.15999999999999054,0.0,0.0014677955085694219,0.0014168328835379212,0.00021797428780701011,0.0027778792622786984,0.9289310574531555,0.0
4,0.19999999552965164,0.19999999999998613,0.0,0.0014625233189971315,0.0014677955085694219,0.00022581469966098666,0.0020705482298732435,0.9291666150093079,0.0
5,0.23999999463558197,0.23999999999998173,0.0,0.001435361073387636,0.0014625233189971315,0.00022500359045807272,0.0014737694102030141,0.9293788075447083,0.0
6,0.2799999937415123,0.2799999999999773,0.0,0.001419628634109603,0.001435361073387636,0.00022082477516960353,0.0009977803182588387,0.9295578598976135,0.0
7,0.3199999928474426,0.3199999999999729,0.0,0.0014269202399324271,0.001419628634109603,0.00021840439876541495,0.0006344961277504652,0.9297006726264954,0.0
8,0.35999999195337296,0.3599999999999685,0.0,0.0014303071299365364,0.0014269202399324271,0.00021952619135845453,0.00036842097204883606,0.9298096299171448,0.0
9,0.3999999910593033,0.3999999999999641,0.0,0.0014243915971357017,0.0014303071299365364,0.00022004725178703666,0.00018381011192159893,0.9298895001411438,0.0
10,0.4399999901652336,0.4399999999999597,0.0,0.0014217188140823133,0.0014243915971357017,0.0002191371750086546,1.3705953629432757e-05,0.9299448728561401,0.0
11,0.47999998927116394,0.4799999999999553,0.0,0.0014230561976520928,0.0014217188140823133,0.0002187259669881314,4.6641386344215134e-05,0.9299958944320679,0.0
12,0.5199999883770943,0.519999999999951,0.0,0.0014247004226835194,0.0014230561976520928,0.00021893171651754528,6.0896423788549955e-05,0.9299860000610352,0.0
13,0.5599999874830246,0.5599999999999465,0.0,0.0014255988845460522,0.0014247004226835194,0.0002191846870118752,6.289819202294014e-05,0.9299817085266113,0.0
14,0.5999999865889549,0.5999999999999421,0.0,0.0014257982019489585,0.0014255988845460522,0.00021932290110271424,0.43937859790268513,0.9299811124801636,0.0
15,0.6399999856948853,0.6399999999999377,0.0,0.0014258481268228723,0.0014257982019489585,0.00021935357654001564,0.8537230759039225,0.7981864213943481,0.0
16,0.6799999848008156,0.6799999999999333,0.0,0.0014261059688591704,0.0014258481268228723,0.000219361245399341,1.1045165130620602,0.6738830804824829,0.0
17,0.7199999839067459,0.7199999999999289,0.0,0.0014267355640755416,0.0014261059688591704,0.00021940091392025352,1.3152745923743865,0.598645031452179,0.0
18,0.7599999830126762,0.7599999999999245,0.0,0.00142679374755596,0.0014267355640755416,0.00021949778601992875,1.428828074562055,0.5354176163673401,0.0
19,0.7999999821186066,0.7999999999999201,0.0,0.0014267088138403918,0.00142679374755596,0.0002195067354477942,1.5263238984466385,0.5013515949249268,0.0
20,0.8399999812245369,0.8399999999999157,0.0,0.0014266377074937664,0.0014267088138403918,0.00021949366782791913,1.5989985877273813,0.4721028208732605,0.0
21,0.8799999803304672,0.8799999999999113,0.0,0.0014266052814396182,0.0014266377074937664,0.0002194827247876674,1.6567089808880135,0.4503004252910614,0.0
22,0.9199999794363976,0.9199999999999069,0.0,0.0014265744164146503,0.0014266052814396182,0.00021947773348074406,1.705453615448251,0.4329873025417328,0.0
23,0.9599999785423279,0.9599999999999025,0.0,0.001426621238463141,0.0014265744164146503,0.00021947298955637962,1.7474313393932903,0.41836392879486084,0.0
24,0.9999999776482582,0.9999999999998981,0.0,0.0014265299401135187,0.001426621238463141,0.00021948019275441766,1.7835276568860097,0.40577059984207153,0.0
25,1.0399999767541885,1.0399999999999825,0.0,0.0014266522493238823,0.0014265299401135187,0.00021946615015622228,1.8141788768393305,0.3949417173862457,0.0
26,1.0799999758601189,1.080000000000067,0.0,0.001426584767409514,0.0014266522493238823,0.00021948496578261256,1.8399607848590036,0.3857463300228119,0.0
27,1.1199999749660492,1.1200000000001513,0.0,0.0014265603563666026,0.001426584767409514,0.0002194745757151395,1.861557294338112,0.3780117630958557,0.0
28,1.1599999740719795,1.1600000000002357,0.0,0.0014265597629068382,0.0014265603563666026,0.0002194708213210106,1.8796404044133068,0.3715327978134155,0.0
29,1.1999999731779099,1.2000000000003201,0.0,0.0014265538497691052,0.0014265597629068382,0.00021947073400951922,1.894797955683983,0.36610788106918335,0.0
30,1.2399999722838402,1.2400000000004046,0.0,0.0014265587296202,0.0014265538497691052,0.00021946981723885983,1.9075047664980724,0.3615606129169464,0.0
31,1.2799999713897705,1.280000000000489,0.0,0.0014264870602622394,0.0014265587296202,0.0002194705739384517,1.9181684183437895,0.3577485680580139,0.0
32,1.3199999704957008,1.3200000000005734,0.0,0.001426499553077269,0.0014264870602622394,0.0002194595435867086,1.9271252039857156,0.35454946756362915,0.0
33,1.3599999696016312,1.3600000000006578,0.0,0.001426535082485352,0.001426499553077269,0.00021946146443951875,1.9346488311808094,0.35186243057250977,0.0
34,1.3999999687075615,1.4000000000007422,0.0,0.001426545442490882,0.001426535082485352,0.00021946693595964462,1.940975696548962,0.34960535168647766,0.0
35,1.4399999678134918,1.4400000000008266,0.0,0.0014265566014395688,0.001426545442490882,0.00021946853667031974,1.9462936759845364,0.3477073013782501,0.0
36,1.4799999669194221,1.480000000000911,0.0,0.0014265729955613637,0.0014265566014395688,0.00021947023924440145,1.9507658509295103,0.34611189365386963,0.0
37,1.5199999660253525,1.5200000000009954,0.0,0.0014265679192781823,0.0014265729955613637,0.0002194727712776512,1.9545240690681054,0.34477025270462036,0.0
38,1.5599999651312828,1.5600000000010799,0.0,0.0014266249679332499,0.0014265679192781823,0.00021947198547422886,1.9576812234884928,0.3436427712440491,0.0
39,1.5999999642372131,1.6000000000011643,0.0,0.001426535955433835,0.0014266249679332499,0.00021948076027911156,1.9603302993855518,0.3426956236362457,0.0
40,1.6399999633431435,1.6400000000012487,0.0,0.0014266572889681554,0.001426535955433835,0.00021946706692688167,1.962553075446834,0.34190091490745544,0.0
41,1.6799999624490738,1.680000000001333,0.0,0.0014265880461118785,0.0014266572889681554,0.00021948573703411967,1.9644175024453745,0.34123408794403076,0.0
42,1.7199999615550041,1.7200000000014175,0.0,0.001426562121645727,0.0014265880461118785,0.0002194750850321725,1.965981516761233,0.3406747579574585,0.0
43,1.7599999606609344,1.760000000001502,0.0,0.0014265605285300991,0.001426562121645727,0.00021947109780739993,1.9672925644916521,0.3402055501937866,0.0
44,1.7999999597668648,1.8000000000015863,0.0,0.001426554069849608,0.0014265605285300991,0.00021947085042484105,1.9683839054846468,0.3398122191429138,0.0
45,1.839999958872795,1.8400000000016707,0.0,0.0014265587086024986,0.001426554069849608,0.00021946986089460552,1.9692982177663731,0.339484840631485,0.0
46,1.8799999579787254,1.8800000000017552,0.0,0.0014264869665934544,0.0014265587086024986,0.0002194705739384517,1.9700701915797822,0.33921054005622864,0.0
47,1.9199999570846558,1.9200000000018396,0.0,0.001426499462546112,0.0014264869665934544,0.00021945952903479338,1.9707097216400997,0.33897894620895386,0.0
48,1.959999956190586,1.960000000001924,0.0,0.0014265350189221352,0.001426499462546112,0.00021946144988760352,1.9712423194018278,0.3387870788574219,0.0
49,1.9999999552965164,2.000000000002008,3.7853139235188084e-13,0.0014265454059485074,0.0014265350189221352,0.0002194669214077294,1.9716874163572031,0.33862730860710144,0.0
50,2.0399999544024467,2.040000000001915,0.007539028633362087,0.0014265565841815363,0.0014265454059485074,0.0002194685221184045,1.972058721173197,0.3384937644004822,0.0
51,2.079999953508377,2.0800000000018217,0.015073295454273819,0.004484582025560364,0.0014265565841815363,0.00021947023924440145,1.9723663672851866,0.33838239312171936,0.0
52,2.1199999526143074,2.1200000000017285,0.022598041658704705,0.03285716756926602,0.004484582025560364,0.0006899356958456337,1.9726207016125774,0.33829009532928467,0.0
53,2.1599999517202377,2.1600000000016353,0.03010851445567115,0.0387033107561552,0.03285716756926602,0.005054948851466179,1.9728184222567078,0.33821380138397217,0.0
54,2.199999950826168,2.200000000001542,0.037599970069579644,0.01991285831716979,0.0387033107561552,0.005954355467110872,1.9729858818267716,0.33815446496009827,0.0
55,2.2399999499320984,2.240000000001449,0.04506767673649711,0.014049950631976319,0.01991285831716979,0.003063516691327095,1.9731357558712197,0.338104248046875,0.0
56,2.2799999490380287,2.2800000000013556,0.052506917692834394,0.03500531542637212,0.014049950631976319,0.002161530777812004,1.9732612270469363,0.33805927634239197,0.0
57,2.319999948143959,2.3200000000012624,0.059912994154555255,0.06675316318375216,0.03500531542637212,0.0053854333236813545,1.9733509334588244,0.3380216360092163,0.0
58,2.3599999472498894,2.360000000001169,0.06728122828502912,0.07235600738769672,0.06675316318375216,0.010269717313349247,1.9733994896873621,0.3379947245121002,0.0
59,2.3999999463558197,2.400000000001076,0.07460696614965287,0.05376628793062946,0.07235600738769672,0.011131693609058857,1.9734656561036554,0.33798015117645264,0.0
60,2.43999994546175,2.4400000000009827,0.08188558065537577,0.04788224382973348,0.05376628793062946,0.008271737024188042,1.9735337497366197,0.33796030282974243,0.0
61,2.4799999445676804,2.4800000000008895,0.08911247447327056,0.0668622495297207,0.04788224382973348,0.0073664989322423935,1.9735842841202393,0.33793988823890686,0.0
62,2.5199999436736107,2.5200000000007963,0.09628308294230499,0.09769256148080674,0.0668622495297207,0.010286499746143818,1.9736123252841218,0.3379247188568115,0.0
63,2.559999942779541,2.560000000000703,0.10339287695247952,0.10230733827281115,0.09769256148080674,0.015029625035822392,1.9736043127618537,0.3379163146018982,0.0
64,2.5999999418854713,2.60000000000061,0.11043736580551025,0.08510038483661382,0.10230733827281115,0.01573958992958069,1.973633463007702,0.3379186987876892,0.0
65,2.6399999409914017,2.6400000000005166,0.11741210005125033,0.07980121819450166,0.08510038483661382,0.013092366978526115,1.9736792613663001,0.3379099667072296,0.0
66,2.679999940097332,2.6800000000004234,0.12431267429805784,0.09720139702874114,0.07980121819450166,0.012277110479772091,1.9737076025862774,0.3378962278366089,0.0
67,2.7199999392032623,2.72000000000033,0.13113472999533582,0.12481389439641478,0.09720139702874114,0.01495406124740839,1.9737091447086885,0.337887704372406,0.0
68,2.7599999383091927,2.760000000000237,0.137873958186486,0.12875703139899478,0.12481389439641478,0.019202137365937233,1.9736808070815972,0.3378872573375702,0.0
69,2.799999937415123,2.8000000000001437,0.1445261022305383,0.11344384365331175,0.12875703139899478,0.019808774814009666,1.9736881151347612,0.3378957509994507,0.0
70,2.8399999365210533,2.8400000000000505,0.1510869604907365,0.1088432592988547,0.11344384365331175,0.017452899366617203,1.9737227062021772,0.3378935754299164,0.0
71,2.8799999356269836,2.8799999999999573,0.15755238898838184,0.1243930552793047,0.1088432592988547,0.01674511656165123,1.9737461893062485,0.3378831744194031,0.0
72,2.919999934732914,2.919999999999864,0.16391830402025925,0.14858005192936796,0.1243930552793047,0.019137393683195114,1.9737396827988758,0.3378761410713196,0.0
73,2.9599999338388443,2.959999999999771,0.1701806847379914,0.1518804250895847,0.14858005192936796,0.02285846881568432,1.9737035818891093,0.33787810802459717,0.0
74,2.9999999329447746,2.9999999999996776,0.17633557568769273,0.13850787916144466,0.1518804250895847,0.02336621843278408,1.9737049318548865,0.3378889262676239,0.0
75,3.039999932050705,3.0399999999995844,0.1823790893083194,0.13461021190601258,0.13850787916144466,0.021308904513716698,1.9737374089075848,0.3378885090351105,0.0
76,3.0799999311566353,3.079999999999491,0.18830740838713547,0.14829315453601477,0.13461021190601258,0.020709263160824776,1.9737578760398653,0.3378787636756897,0.0
77,3.1199999302625656,3.119999999999398,0.19411678847074676,0.16917060139171897,0.14829315453601477,0.022814331576228142,1.9737462098555238,0.33787262439727783,0.0
78,3.159999929368496,3.1599999999993047,0.19980356023017773,0.1718820165971926,0.16917060139171897,0.026026247069239616,1.9737123946021435,0.3378761410713196,0.0
79,3.1999999284744263,3.1999999999992115,0.20536413177849824,0.16036403866655322,0.1718820165971926,0.02644338645040989,1.9737110261992046,0.3378862738609314,0.0
80,3.2399999275803566,3.2399999999991183,0.2107949909395365,0.15712341342943428,0.16036403866655322,0.024671390652656555,1.9737452023133575,0.3378866910934448,0.0
81,3.279999926686287,3.279999999999025,0.21609270746624457,0.16898908158838466,0.15712341342943428,0.024172833189368248,1.9737612499858346,0.33787643909454346,0.0
82,3.3199999257922173,3.319999999998932,0.22125393520731618,0.18672839397067895,0.16898908158838466,0.025998320430517197,1.9737485071473524,0.33787161111831665,0.0
83,3.3599999248981476,3.3599999999988386,0.2262754142206874,0.18889782903439584,0.18672839397067895,0.028727445751428604,1.973713239069751,0.33787545561790466,0.0
84,3.399999924004078,3.3999999999987454,0.23115397283258599,0.17914204305267784,0.18889782903439584,0.029061203822493553,1.9737112606978582,0.3378860354423523,0.0
85,3.4399999231100082,3.439999999998652,0.23588652964082865,0.17650350740733592,0.17914204305267784,0.027560314163565636,1.9737402487859859,0.33788663148880005,0.0
86,3.4799999222159386,3.479999999998559,0.24047009546110054,0.1865721863354025,0.17650350740733592,0.027154386043548584,1.973753807771176,0.33787792921066284,0.0
87,3.519999921321869,3.5199999999984657,0.2449017752149881,0.2012868458449672,0.1865721863354025,0.028703413903713226,1.973743111737611,0.3378738462924957,0.0
88,3.5599999204277992,3.5599999999983725,0.24917876975857292,0.2029572158118622,0.2012868458449672,0.03096720762550831,1.9737131312800238,0.3378770649433136,0.0
89,3.5999999195337296,3.5999999999982792,0.2532983776504307,0.19491304365155426,0.2029572158118622,0.031224187463521957,1.9737143754825073,0.3378860652446747,0.0
90,3.63999991863966,3.639999999998186,0.2572579968579198,0.19282613792991976,0.19491304365155426,0.02998662181198597,1.9737378894368292,0.33788567781448364,0.0
91,3.67999991774559,3.679999999998093,0.2610551264006805,0.20108091661301292,0.19282613792991976,0.02966555953025818,1.9737521482328368,0.33787864446640015,0.0
92,3.7199999168515205,3.7199999999979996,0.2646873679303085,0.21284118001362465,0.20108091661301292,0.03093552589416504,1.9737436737874536,0.3378743529319763,0.0
93,3.759999915957451,3.7599999999979064,0.2681524272452022,0.21406024570901186,0.21284118001362465,0.032744795083999634,1.9737206051451264,0.3378768861293793,0.0
94,3.799999915063381,3.799999999997813,0.27144811573963035,0.2076972784495523,0.21406024570901186,0.0329323448240757,1.9737182544989096,0.3378838300704956,0.0
95,3.8399999141693115,3.83999999999772,0.27457235178610206,0.20611356157859959,0.2076972784495523,0.03195342794060707,1.9737380643499245,0.3378845155239105,0.0
96,3.879999913275242,3.8799999999976267,0.2775231620501675,0.21254119397187546,0.20611356157859959,0.03170977905392647,1.9737528362171062,0.33787858486175537,0.0
97,3.919999912381172,3.9199999999975335,0.2802986827368179,0.2214310757696866,0.21254119397187546,0.03269864618778229,1.9737367155776269,0.3378741443157196,0.0
98,3.9599999114871025,3.9599999999974402,0.2828971607676987,0.22225146911067908,0.2214310757696866,0.03406631946563721,1.9737174897773893,0.3378789722919464,0.0
99,3.999999910593033,3.999999999997347,0.28531695488839154,0.21752535436961895,0.22225146911067908,0.0341925323009491,1.9737217217917842,0.3378847539424896,0.0
100,4.039999909698963,4.039999999997254,0.2875565367050652,0.2163965944933169,0.21752535436961895,0.0334654375910759,1.9737362772098301,0.33788347244262695,0.0
101,4.0799999088048935,4.079999999997161,0.28961449164984254,0.22101737442873748,0.2163965944933169,0.033291783183813095,1.9737428735936102,0.33787912130355835,0.0
102,4.119999907910824,4.119999999997067,0.2914895198742714,0.22715647724198781,0.22101737442873748,0.034002672880887985,1.973737229877648,0.3378771245479584,0.0
103,4.159999907016754,4.159999999996974,0.2931804370703371,0.227625880318471,0.22715647724198781,0.03494714945554733,1.9737259019232063,0.3378788232803345,0.0
104,4.1999999061226845,4.199999999996881,0.29468617521849644,0.22447318447534093,0.227625880318471,0.035019367933273315,1.9737282970712329,0.33788222074508667,0.0
105,4.239999905228615,4.239999999996788,0.2960057832622619,0.22375450051627793,0.22447318447534093,0.034534335136413574,1.9737430849634179,0.33788150548934937,0.0
106,4.279999904334545,4.2799999999966944,0.29713842770890947,0.2266166788204049,0.22375450051627793,0.034423768520355225,1.973747727721755,0.3378770649433136,0.0
107,4.3199999034404755,4.319999999996601,0.2980833931559302,0.2301328156904125,0.2266166788204049,0.03486410528421402,1.9737436200523055,0.33787569403648376,0.0
108,4.359999902546406,4.359999999996508,0.29884008274289386,0.23028583000765357,0.2301328156904125,0.03540504723787308,1.9737310084538724,0.33787691593170166,0.0
109,4.399999901652336,4.399999999996415,0.299408018528439,0.22864246225349544,0.23028583000765357,0.03542859107255936,1.9737330804949649,0.3378807008266449,0.0
110,4.4399999007582664,4.4399999999963216,0.29978684179215065,0.2282999477609229,0.22864246225349544,0.035175763070583344,1.9737418750866844,0.33788007497787476,0.0
111,4.479999899864197,4.479999999996228,0.2999763132611359,0.22945166034921732,0.2282999477609229,0.0351230688393116,1.973742165778565,0.33787745237350464,0.0
112,4.519999898970127,4.519999999996135,0.299976313261154,0.2304352967931447,0.22945166034921732,0.035300254821777344,1.9737409673281936,0.3378773629665375,0.0
113,4.559999898076057,4.559999999996042,0.2997868417922049,0.23028837865993929,0.2304352967931447,0.035451583564281464,1.9737430979389405,0.33787772059440613,0.0
114,4.599999897181988,4.599999999995949,0.29940801852852944,0.2301161358435297,0.23028837865993929,0.035428982228040695,1.9737457731570174,0.3378770649433136,0.0
115,4.639999896287918,4.639999999995855,0.2988400827430204,0.23013500932769904,0.2301161358435297,0.035402484238147736,1.9737441249636867,0.33787626028060913,0.0
116,4.679999895393848,4.679999999995762,0.29808339315609267,0.22959559373069105,0.23013500932769904,0.03540538623929024,1.973746953176861,0.3378767669200897,0.0
117,4.719999894499779,4.719999999995669,0.29713842770910787,0.22806309587834164,0.22959559373069105,0.0353223979473114,1.9737482059384022,0.3378759026527405,0.0
118,4.759999893605709,4.759999999995576,0.29600578326249605,0.22761162405854432,0.22806309587834164,0.035086631774902344,1.9737537392132942,0.3378755450248718,0.0
119,4.799999892711639,4.7999999999954825,0.29468617521876617,0.22891770385207144,0.22761162405854432,0.03501717373728752,1.9737585107087634,0.3378738760948181,0.0
120,4.83999989181757,4.839999999995389,0.2931804370706423,0.22930609147380662,0.22891770385207144,0.03521810844540596,1.973758395573217,0.3378724455833435,0.0
121,4.8799998909235,4.879999999995296,0.29148951987461186,0.2270505523483999,0.22930609147380662,0.03527785837650299,1.9737579287293665,0.3378724753856659,0.0
122,4.91999989002943,4.919999999995203,0.289614491650218,0.22292627025157732,0.2270505523483999,0.03493085503578186,1.973760802627712,0.33787262439727783,0.0
123,4.959999889135361,4.95999999999511,0.2875565367054755,0.2221442592430645,0.22292627025157732,0.03429634869098663,1.9737698182267247,0.3378717601299286,0.0
124,4.999999888241291,4.999999999995016,0.28531695488883635,0.22498964420030762,0.2221442592430645,0.034176040440797806,1.9737732707596813,0.3378690481185913,0.0
125,5.039999887347221,5.039999999994923,0.28289716076817784,0.22578083041558275,0.22498964420030762,0.03461379185318947,1.9737677169152563,0.33786800503730774,0.0
126,5.079999886453152,5.07999999999483,0.28029868273733094,0.2217386855194012,0.22578083041558275,0.03473551198840141,1.9737592965946495,0.33786967396736145,0.0
127,5.119999885559082,5.119999999994737,0.27752316205071415,0.21485785918308176,0.2217386855194012,0.03411364555358887,1.9737722465725578,0.3378722071647644,0.0
128,5.159999884665012,5.1599999999946435,0.2745723517866821,0.21370142442256784,0.21485785918308176,0.033055055886507034,1.9737858888333184,0.337868332862854,0.0
129,5.199999883770943,5.19999999999455,0.27144811574024325,0.21819406619548418,0.21370142442256784,0.03287714347243309,1.973786764734678,0.3378642201423645,0.0
130,5.239999882876873,5.239999999994457,0.26815242724584765,0.21944516111697465,0.21819406619548418,0.03356831893324852,1.9737786154633525,0.3378639817237854,0.0
131,5.279999881982803,5.279999999994364,0.2646873679309861,0.21351658516350264,0.21944516111697465,0.03376079350709915,1.9737705676709547,0.3378664255142212,0.0
132,5.319999881088734,5.319999999994271,0.26105512640138984,0.20365585739409497,0.21351658516350264,0.03284870460629463,1.9737839035058862,0.3378688395023346,0.0
133,5.359999880194664,5.359999999994177,0.25725799685866024,0.20206756920946867,0.20365585739409497,0.03133166953921318,1.9738023660344437,0.33786481618881226,0.0
134,5.399999879300594,5.399999999994084,0.25329837765120194,0.20834030274017878,0.20206756920946867,0.031087318435311317,1.9738043124415772,0.33785930275917053,0.0
135,5.439999878406525,5.439999999993991,0.24917876975937456,0.21012492381205597,0.20834030274017878,0.03205235302448273,1.9737857621845103,0.3378587067127228,0.0
136,5.479999877512455,5.479999999993898,0.24490177521581952,0.2022135605294842,0.21012492381205597,0.03232691064476967,1.973779925328405,0.3378642797470093,0.0
137,5.519999876618385,5.5199999999938045,0.24047009546196121,0.18914511390506678,0.2022135605294842,0.031109778210520744,1.9737925005309764,0.33786600828170776,0.0
138,5.559999875724316,5.559999999993711,0.23588652964171805,0.18706377055311085,0.18914511390506678,0.029099248349666595,1.9738176760524484,0.3378622531890869,0.0
139,5.599999874830246,5.599999999993618,0.2311539728335036,0.19523667919591056,0.18706377055311085,0.0287790410220623,1.9738138481136285,0.33785468339920044,0.0
140,5.639999873936176,5.639999999993525,0.22627541422163255,0.1976313056920313,0.19523667919591056,0.030036412179470062,1.9737976436981879,0.33785584568977356,0.0
141,5.679999873042107,5.679999999993432,0.22125393520828837,0.1876846791014927,0.1976313056920313,0.030404815450310707,1.9737862554406855,0.33786070346832275,0.0
142,5.719999872148037,5.719999999993338,0.2160927074672431,0.17124567125414836,0.1876846791014927,0.02887456677854061,1.9737956549684927,0.33786413073539734,0.0
143,5.759999871253967,5.759999999993245,0.21079499094056073,0.16861573120724346,0.17124567125414836,0.02634548768401146,1.9738237806492815,0.3378612995147705,0.0
144,5.799999870359898,5.799999999993152,0.20536413177954752,0.17875552621395469,0.16861573120724346,0.02594088204205036,1.9738226870403992,0.3378528654575348,0.0
145,5.839999869465828,5.839999999993059,0.1998035602312515,0.18181944834062935,0.17875552621395469,0.027500851079821587,1.9738017467281634,0.33785319328308105,0.0
146,5.879999868571758,5.8799999999929655,0.19411678847184424,0.16985820464992074,0.18181944834062935,0.027972223237156868,1.9737947816807904,0.33785948157310486,0.0
147,5.919999867677689,5.919999999992872,0.1883074083882561,0.14999804287855767,0.16985820464992074,0.02613203227519989,1.9738119717874743,0.337861567735672,0.0
148,5.959999866783619,5.959999999992779,0.18237908930946234,0.1467780329473687,0.14999804287855767,0.023076621815562248,1.9738400300993906,0.3378564119338989,0.0
149,5.999999865889549,5.999999999992686,0.1763355756888574,0.1588757031796927,0.1467780329473687,0.02258123643696308,1.9738428931475507,0.3378479778766632,0.0
150,6.03999986499548,6.039999999992593,0.17018068473917686,0.1626362069627258,0.1588757031796927,0.024442415684461594,1.9738137507863776,0.33784714341163635,0.0
151,6.07999986410141,6.079999999992499,0.16391830402146484,0.14875114667923373,0.1626362069627258,0.025020955130457878,1.973803167092137,0.33785587549209595,0.0
152,6.11999986320734,6.119999999992406,0.1575523889896069,0.12553234800645865,0.14875114667923373,0.02288479171693325,1.973820144183757,0.33785906434059143,0.0
153,6.159999862313271,6.159999999992313,0.1510869604919801,0.12169810147361992,0.12553234800645865,0.019312668591737747,1.9738443478701166,0.33785396814346313,0.0
154,6.199999861419201,6.19999999999222,0.1445261022317997,0.13567637743246244,0.12169810147361992,0.018722785636782646,1.973846183110054,0.33784669637680054,0.0
155,6.239999860525131,6.2399999999921265,0.1378739581877644,0.14012018657714453,0.13567637743246244,0.020873289555311203,1.9738203987854874,0.33784615993499756,0.0
156,6.2799998596310616,6.279999999992033,0.1311347299966305,0.12444931436674794,0.14012018657714453,0.021556951105594635,1.9738072748371898,0.33785387873649597,0.0
157,6.319999858736992,6.31999999999194,0.1243126742993679,0.09803670317267382,0.12444931436674794,0.01914604753255844,1.9738258066858443,0.33785781264305115,0.0
158,6.359999857842922,6.359999999991847,0.11741210005257502,0.09359071572996286,0.09803670317267382,0.015082569792866707,1.9738444323027626,0.33785226941108704,0.0
159,6.3999998569488525,6.399999999991754,0.11043736580684865,0.10930396062174351,0.09359071572996286,0.014398572035133839,1.9738475309229064,0.33784666657447815,0.0
160,6.439999856054783,6.43999999999166,0.10339287695383087,0.11436739649812648,0.10930396062174351,0.016815993934869766,1.9738232266724691,0.33784574270248413,0.0
161,6.479999855160713,6.479999999991567,0.09628308294366834,0.0971075496201673,0.11436739649812648,0.01759498380124569,1.9738119613439318,0.3378530442714691,0.0
162,6.5199998542666435,6.519999999991474,0.08911247447464518,0.06782728839515484,0.0971075496201673,0.014939622953534126,1.9738259922737373,0.3378564119338989,0.0
163,6.559999853372574,6.559999999991381,0.08188558065676065,0.06282495007724366,0.06782728839515484,0.010434967465698719,1.9738375258540117,0.33785220980644226,0.0
164,6.599999852478504,6.5999999999912875,0.07460696615104713,0.0800070342897056,0.06282495007724366,0.009665376506745815,1.9738414194473783,0.3378487527370453,0.0
165,6.6399998515844345,6.639999999991194,0.06728122828643189,0.0855590722547108,0.0800070342897056,0.012308774515986443,1.9738230383491355,0.3378475606441498,0.0
166,6.679999850690365,6.679999999991101,0.05991299415596578,0.06703961087808676,0.0855590722547108,0.013162934221327305,1.9738125749954447,0.3378530740737915,0.0
167,6.719999849796295,6.719999999991008,0.05250691769425164,0.035526367938497706,0.06703961087808676,0.010313786566257477,1.973826628341035,0.3378562331199646,0.0
168,6.7599998489022255,6.759999999990915,0.0450676767379202,0.030101680574787494,0.035526367938497706,0.005465595051646233,1.973830171304093,0.33785200119018555,0.0
169,6.799999848008156,6.799999999990821,0.0375999700710078,0.04828981593281565,0.030101680574787494,0.004631027579307556,1.9738327926983321,0.337850958108902,0.0
170,6.839999847114086,6.839999999990728,0.030108514457103334,0.054305338767035076,0.04828981593281565,0.007429202552884817,1.973825786886483,0.3378501534461975,0.0
171,6.8799998462200165,6.879999999990635,0.02259804166014015,0.03493210189584093,0.054305338767035076,0.008354667574167252,1.9738145337279283,0.33785226941108704,0.0
172,6.919999845325947,6.919999999990542,0.015073295455711486,0.0021688038787503103,0.03493210189584093,0.005374169442802668,1.973820422057884,0.33785563707351685,0.0
173,6.959999844431877,6.9599999999904485,0.007539028634801202,-0.003426056446440518,0.0021688038787503103,0.00033366214483976364,1.9738106845003263,0.33785387873649597,0.0
174,6.9999998435378075,6.999999999990355,1.8180491466881607e-12,0.015071971104033285,-0.003426056446440518,-0.0005270856199786067,1.9738139327497746,0.33785679936408997,0.0
175,7.039999842643738,7.039999999990262,-0.007539028631166252,0.020880300621926237,0.015071971104033285,0.002318764803931117,1.9738158318710675,0.33785581588745117,0.0
176,7.079999841749668,7.079999999990169,-0.015073295452080113,0.0017140436375249213,0.020880300621926237,0.003212353913113475,1.9738159277949898,0.3378552496433258,0.0
177,7.1199998408555984,7.119999999990076,-0.022598041656514516,-0.02950824275406756,0.0017140436375249213,0.00026369901024736464,1.9738171633066577,0.3378552198410034,0.0
178,7.159999839961529,7.159999999989982,-0.030108514453485596,-0.036504064411344954,-0.02950824275406756,-0.0045397295616567135,1.9737986613260285,0.33785486221313477,0.0
179,7.199999839067459,7.199999999989889,-0.03759997006740037,-0.018934682432287568,-0.036504064411344954,-0.005616009701043367,1.973797522381832,0.3378604054450989,0.0
180,7.239999838173389,7.239999999989796,-0.0450676767343255,-0.03019699094196142,-0.018934682432287568,-0.0029130280017852783,1.9738030461907448,0.33786073327064514,0.0
181,7.27999983727932,7.279999999989703,-0.052506917690671805,-0.03146877668268985,-0.03019699094196142,-0.0046456907875835896,1.9738067411083602,0.3378590941429138,0.0
182,7.31999983638525,7.3199999999896095,-0.059912994152402796,-0.06196789457425246,-0.03146877668268985,-0.004841350484639406,1.973814916978036,0.3378579914569855,0.0
183,7.35999983549118,7.359999999989516,-0.06728122828288842,-0.0664001062102422,-0.06196789457425246,-0.00953352265059948,1.973788783326119,0.3378555178642273,0.0
184,7.399999834597111,7.399999999989423,-0.07460696614752527,-0.04970347876539787,-0.0664001062102422,-0.010215400718152523,1.973788557035622,0.33786335587501526,0.0
185,7.439999833703041,7.43999999998933,-0.08188558065326261,-0.04504925419839116,-0.04970347876539787,-0.0076466891914606094,1.9738013582256277,0.3378634452819824,0.0
186,7.479999832808971,7.479999999989237,-0.0891124744711732,-0.061627683222347004,-0.04504925419839116,-0.006930654402822256,1.9738106436991818,0.3378596007823944,0.0
187,7.519999831914902,7.519999999989143,-0.09628308294022461,-0.08884301911578445,-0.061627683222347004,-0.00948118232190609,1.9737984410025402,0.33785679936408997,0.0
188,7.559999831020832,7.55999999998905,-0.10339287695041754,-0.09330095034220466,-0.08884301911578445,-0.013668157160282135,1.9737699310778938,0.33786046504974365,0.0
189,7.599999830126762,7.599999999988957,-0.11043736580346801,-0.07882990836478883,-0.09330095034220466,-0.01435399241745472,1.9737711073796773,0.3378690183162689,0.0
190,7.639999829232693,7.639999999988864,-0.11741210004922908,-0.07475035152986913,-0.07882990836478883,-0.012127677910029888,1.9737859632829156,0.33786866068840027,0.0
191,7.679999828338623,7.6799999999887705,-0.12431267429605866,-0.08894958946594377,-0.07475035152986913,-0.01150005403906107,1.9737979620911785,0.3378642201423645,0.0
192,7.719999827444553,7.719999999988677,-0.1311347299933602,-0.11225287379754745,-0.08894958946594377,-0.013684552162885666,1.973791197000096,0.3378606140613556,0.0
193,7.759999826550484,7.759999999988584,-0.13787395818453516,-0.11597380102222833,-0.11225287379754745,-0.017269672825932503,1.9737622551173224,0.33786264061927795,0.0
194,7.799999825656414,7.799999999988491,-0.1445261022286135,-0.10373626401893832,-0.11597380102222833,-0.01784212328493595,1.973763476656831,0.3378713130950928,0.0
195,7.839999824762344,7.839999999988398,-0.15108696048883877,-0.10042543765307882,-0.10373626401893832,-0.015959424898028374,1.97378460622342,0.3378709554672241,0.0
196,7.879999823868275,7.879999999988304,-0.1575523889865126,-0.11229189707846217,-0.10042543765307882,-0.01545006688684225,1.973797780752903,0.33786460757255554,0.0
197,7.919999822974205,7.919999999988211,-0.1639183040184196,-0.13166277920956437,-0.11229189707846217,-0.017275676131248474,1.9737872290181004,0.33786067366600037,0.0
198,7.959999822080135,7.959999999988118,-0.17018068473618253,-0.13472386697666702,-0.13166277920956437,-0.020255811512470245,1.9737586882629181,0.33786383271217346,0.0
199,7.999999821186066,7.999999999988025,-0.17633557568591562,-0.12461750867063756,-0.13472386697666702,-0.020726749673485756,1.9737564121776265,0.33787238597869873,0.0
200,8.039999820291996,8.039999999987932,-0.1823790893065755,-0.12196305047221556,-0.12461750867063756,-0.019171925261616707,1.9737771659210612,0.33787307143211365,0.0
201,8.079999819397926,8.07999999998784,-0.18830740838542573,-0.13171295641320938,-0.12196305047221556,-0.018763545900583267,1.9737933869077255,0.3378668427467346,0.0
202,8.119999818503857,8.119999999987746,-0.19411678846907224,-0.14762400902252568,-0.13171295641320938,-0.020263532176613808,1.9737810376369205,0.3378619849681854,0.0
203,8.159999817609787,8.159999999987653,-0.1998035602285393,-0.15012670351545623,-0.14762400902252568,-0.022711386904120445,1.9737574426970974,0.3378656804561615,0.0
204,8.199999816715717,8.19999999998756,-0.2053641317768971,-0.1418272633285313,-0.15012670351545623,-0.023096416145563126,1.9737557698176997,0.33787277340888977,0.0
205,8.239999815821648,8.239999999987466,-0.2107949909379737,-0.13968781459404295,-0.1418272633285313,-0.021819578483700752,1.973771465806684,0.33787328004837036,0.0
206,8.279999814927578,8.279999999987373,-0.2160927074647211,-0.14766061547647294,-0.13968781459404295,-0.0214904323220253,1.9737851279001133,0.3378685712814331,0.0
207,8.319999814033508,8.31999999998728,-0.2212539352058328,-0.16069403724260353,-0.14766061547647294,-0.02271701768040657,1.973784227644919,0.3378644585609436,0.0
208,8.359999813139439,8.359999999987187,-0.2262754142192452,-0.16272848678149776,-0.16069403724260353,-0.024722158908843994,1.973763074091285,0.3378647267818451,0.0
209,8.399999812245369,8.399999999987093,-0.23115397283118594,-0.1559159762235154,-0.16272848678149776,-0.025035152211785316,1.973762483225238,0.33787107467651367,0.0
210,8.4399998113513,8.439999999987,-0.2358865296394716,-0.15417932564936918,-0.1559159762235154,-0.023987073451280594,1.9737742583632916,0.337871253490448,0.0
211,8.47999981045723,8.479999999986907,-0.2404700954597872,-0.16066792630694793,-0.15417932564936918,-0.023719895631074905,1.9737877474737593,0.33786773681640625,0.0
212,8.51999980956316,8.519999999986814,-0.24490177521371945,-0.1712653760060068,-0.16066792630694793,-0.024718143045902252,1.9737796546842052,0.3378636837005615,0.0
213,8.55999980866909,8.55999999998672,-0.24917876975734976,-0.17288617620520766,-0.1712653760060068,-0.026348520070314407,1.9737640291816667,0.3378660976886749,0.0
214,8.59999980777502,8.599999999986627,-0.2532983776492538,-0.16735077142912785,-0.17288617620520766,-0.026597872376441956,1.9737587587477732,0.3378707766532898,0.0
215,8.639999806880951,8.639999999986534,-0.25725799685678985,-0.16595419849205195,-0.16735077142912785,-0.02574627287685871,1.9737757294208305,0.33787238597869873,0.0
216,8.679999805986881,8.67999999998644,-0.2610551263995983,-0.17114269814064337,-0.16595419849205195,-0.02553141489624977,1.973783004763064,0.33786728978157043,0.0
217,8.719999805092812,8.719999999986348,-0.26468736792927466,-0.1795542565852845,-0.17114269814064337,-0.02632964588701725,1.9737766162754267,0.33786508440971375,0.0
218,8.759999804198742,8.759999999986254,-0.2681524272442174,-0.18079144872880173,-0.1795542565852845,-0.027623731642961502,1.973759399176258,0.33786702156066895,0.0
219,8.799999803304672,8.799999999986161,-0.27144811573869526,-0.17642968958405608,-0.18079144872880173,-0.027814069762825966,1.9737581938798336,0.337872177362442,0.0
220,8.839999802410603,8.839999999986068,-0.2745723517852171,-0.17534694346437804,-0.17642968958405608,-0.027143029496073723,1.9737700651135361,0.33787253499031067,0.0
221,8.879999801516533,8.879999999985975,-0.27752316204933336,-0.17933548979765027,-0.17534694346437804,-0.026976453140378,1.9737802445149353,0.33786898851394653,0.0
222,8.919999800622463,8.919999999985881,-0.2802986827360351,-0.18568634935734638,-0.17933548979765027,-0.027590075507760048,1.9737772337382298,0.3378659188747406,0.0
223,8.959999799728394,8.959999999985788,-0.2828971607669678,-0.18655708121188902,-0.18568634935734638,-0.028567129746079445,1.973771179616648,0.3378668427467346,0.0
224,8.999999798834324,8.999999999985695,-0.2853169548877128,-0.1833238545531541,-0.18655708121188902,-0.028701089322566986,1.9737672490076779,0.33786866068840027,0.0
225,9.039999797940254,9.039999999985602,-0.2875565367044392,-0.18254617505600393,-0.1833238545531541,-0.02820366993546486,1.973775942191813,0.3378698229789734,0.0
226,9.079999797046185,9.079999999985509,-0.2896144916492696,-0.18539171385427886,-0.18254617505600393,-0.028084026649594307,1.9737789784763808,0.33786723017692566,0.0
227,9.119999796152115,9.119999999985415,-0.291489519873752,-0.1897522998478335,-0.18539171385427886,-0.02852180227637291,1.9737766396055723,0.33786630630493164,0.0
228,9.159999795258045,9.159999999985322,-0.29318043706987146,-0.1902693109186026,-0.1897522998478335,-0.029192661866545677,1.9737677971257888,0.33786702156066895,0.0
229,9.199999794363976,9.199999999985229,-0.2946861752180849,-0.18813971672508267,-0.1902693109186026,-0.029272202402353287,1.9737680211644715,0.33786967396736145,0.0
230,9.239999793469906,9.239999999985136,-0.2960057832619047,-0.18766342342368042,-0.18813971672508267,-0.028944572433829308,1.9737758301560324,0.3378695845603943,0.0
231,9.279999792575836,9.279999999985042,-0.2971384277086069,-0.18940472949826898,-0.18766342342368042,-0.02887129597365856,1.9737809173971361,0.33786725997924805,0.0
232,9.319999791681767,9.31999999998495,-0.2980833931556823,-0.19182237998845697,-0.18940472949826898,-0.029139189049601555,1.9737823327242194,0.3378657102584839,0.0
233,9.359999790787697,9.359999999984856,-0.29884008274270096,-0.19199286560109563,-0.19182237998845697,-0.029511135071516037,1.973776956026197,0.33786529302597046,0.0
234,9.399999789893627,9.399999999984763,-0.2994080185283011,-0.19095054072728304,-0.19199286560109563,-0.029537364840507507,1.973774917923512,0.3378669023513794,0.0
235,9.439999788999557,9.43999999998467,-0.2997868417920678,-0.19077426796756455,-0.19095054072728304,-0.029377005994319916,1.9737803966286909,0.33786752820014954,0.0
236,9.479999788105488,9.479999999984576,-0.2999763132611083,-0.19143484551165105,-0.19077426796756455,-0.029349887743592262,1.9737881457769098,0.3378658890724182,0.0
237,9.519999787211418,9.519999999984483,-0.29997631326118157,-0.19193329674590753,-0.19143484551165105,-0.029451515525579453,1.9737799415719444,0.337863564491272,0.0
238,9.559999786317348,9.55999999998439,-0.29978684179228765,-0.19175849838585501,-0.19193329674590753,-0.029528198763728142,1.9737817129189048,0.33786600828170776,0.0
239,9.599999785423279,9.599999999984297,-0.29940801852866733,-0.19179830861323416,-0.19175849838585501,-0.029501307755708694,1.973784101715145,0.3378654718399048,0.0
240,9.63999978452921,9.639999999984203,-0.2988400827432133,-0.19192349260985375,-0.19179830861323416,-0.029507432132959366,1.9737813264859965,0.3378647565841675,0.0
241,9.67999978363514,9.67999999998411,-0.2980833931563405,-0.19150810024437923,-0.19192349260985375,-0.029526691883802414,1.9737824720780517,0.33786559104919434,0.0
242,9.71999978274107,9.719999999984017,-0.29713842770941046,-0.19007828217598607,-0.19150810024437923,-0.0294627845287323,1.9737821159760476,0.33786526322364807,0.0
243,9.759999781847,9.759999999983924,-0.29600578326285326,-0.18955191650635694,-0.19007828217598607,-0.02924281172454357,1.9737847743656367,0.33786535263061523,0.0
244,9.79999978095293,9.79999999998383,-0.29468617521917767,-0.19068600407723146,-0.18955191650635694,-0.029161833226680756,1.9737834899330209,0.33786457777023315,0.0
245,9.83999978005886,9.839999999983737,-0.29318043707110797,-0.19111901513296664,-0.19068600407723146,-0.02933630906045437,1.9737833244761487,0.3378649652004242,0.0
246,9.879999779164791,9.879999999983644,-0.29148951987513133,-0.18960805566915392,-0.19111901513296664,-0.029402924701571465,1.9737849814184931,0.3378649950027466,0.0
247,9.919999778270721,9.91999999998355,-0.28961449165079095,-0.1862041138030081,-0.18960805566915392,-0.02917047031223774,1.9737834991544523,0.3378645181655884,0.0
248,9.959999777376652,9.959999999983458,-0.2875565367061015,-0.1853130595998216,-0.1862041138030081,-0.028646787628531456,1.9737881411821263,0.3378649353981018,0.0
249,9.999999776482582,9.999999999983364,-0.2853169548895151,-0.18757153121543602,-0.1853130595998216,-0.028509700670838356,1.9737891838270063,0.337863564491272,0.0
250,10.039999775588512,10.039999999983271,-0.28289716076890886,-0.1883229495789003,-0.18757153121543602,-0.0288571584969759,1.9737882858230105,0.3378632366657257,0.0
251,10.079999774694443,10.079999999983178,-0.2802986827381138,-0.18567325411253677,-0.1883229495789003,-0.02897276170551777,1.9737828589246023,0.3378635048866272,0.0
252,10.119999773800373,10.119999999983085,-0.2775231620515483,-0.1802160282215026,-0.18567325411253677,-0.028565116226673126,1.9737844525956991,0.3378651440143585,0.0
253,10.159999772906303,10.159999999982992,-0.274572351787567,-0.17894277048593799,-0.1802160282215026,-0.027725541964173317,1.9737940153492117,0.3378646671772003,0.0
254,10.199999772012234,10.199999999982898,-0.2714481157411785,-0.18236979020753988,-0.17894277048593799,-0.027529656887054443,1.973795645041819,0.3378618061542511,0.0
255,10.239999771118164,10.239999999982805,-0.26815242724683247,-0.18345211882070023,-0.18236979020753988,-0.02805689163506031,1.9737896204194798,0.3378612995147705,0.0
256,10.279999770224094,10.279999999982712,-0.26468736793201997,-0.17960348250285543,-0.18345211882070023,-0.028223402798175812,1.9737908610660952,0.33786311745643616,0.0
257,10.319999769330025,10.319999999982619,-0.2610551264024721,-0.1719931984362156,-0.17960348250285543,-0.027631305158138275,1.9737934522447604,0.3378627300262451,0.0
258,10.359999768435955,10.359999999982525,-0.2572579968597902,-0.17031699672175185,-0.1719931984362156,-0.026460492983460426,1.9738059301686819,0.33786195516586304,0.0
259,10.399999767541885,10.399999999982432,-0.25329837765237884,-0.1749620469129325,-0.17031699672175185,-0.026202615350484848,1.9738073111548264,0.3378582298755646,0.0
260,10.439999766647816,10.439999999982339,-0.2491787697605976,-0.17638871687650512,-0.1749620469129325,-0.026917237788438797,1.9737963644803758,0.33785781264305115,0.0
261,10.479999765753746,10.479999999982246,-0.24490177521708803,-0.171270007092299,-0.17638871687650512,-0.027136726304888725,1.9737938151208547,0.3378610908985138,0.0
262,10.519999764859676,10.519999999982153,-0.24047009546327447,-0.1613983337159763,-0.171270007092299,-0.026349231600761414,1.9737997133494345,0.3378618657588959,0.0
263,10.559999763965607,10.55999999998206,-0.23588652964307513,-0.15929612039703808,-0.1613983337159763,-0.024830512702465057,1.9738156556700952,0.3378600776195526,0.0
264,10.599999763071537,10.599999999981966,-0.23115397283490358,-0.16520898080644583,-0.15929612039703808,-0.02450709603726864,1.9738201420640238,0.3378553092479706,0.0
265,10.639999762177467,10.639999999981873,-0.2262754142230746,-0.16699466192215484,-0.16520898080644583,-0.025416765362024307,1.9738098857585977,0.33785396814346313,0.0
266,10.679999761283398,10.67999999998178,-0.22125393520977168,-0.16052753792804178,-0.16699466192215484,-0.02569148689508438,1.9737993182213562,0.33785703778266907,0.0
267,10.719999760389328,10.719999999981686,-0.21609270746876666,-0.1482696800992194,-0.16052753792804178,-0.02469654381275177,1.9738075738865388,0.33786019682884216,0.0
268,10.759999759495258,10.759999999981593,-0.21079499094212353,-0.1457095303731396,-0.1482696800992194,-0.022810719907283783,1.9738269887103403,0.337857723236084,0.0
269,10.799999758601189,10.7999999999815,-0.20536413178114865,-0.15295202962271762,-0.1457095303731396,-0.022416850551962852,1.973830733019081,0.3378519117832184,0.0
270,10.839999757707119,10.839999999981407,-0.1998035602328898,-0.15512270196354228,-0.15295202962271762,-0.023531081154942513,1.9738174920219256,0.33785077929496765,0.0
271,10.87999975681305,10.879999999981314,-0.19411678847351901,-0.14720698299804702,-0.15512270196354228,-0.023865031078457832,1.9738093412848765,0.3378547430038452,0.0
272,10.91999975591898,10.91999999998122,-0.18830740838996593,-0.13237952090506927,-0.14720698299804702,-0.022647228091955185,1.9738205916130414,0.337857186794281,0.0
273,10.95999975502491,10.959999999981127,-0.18237908931120628,-0.12931051073719502,-0.13237952090506927,-0.020366080105304718,1.9738380054499374,0.3378538191318512,0.0
274,10.99999975413084,10.999999999981034,-0.1763355756906342,-0.1379931510956303,-0.12931051073719502,-0.01989392563700676,1.9738399513781044,0.33784860372543335,0.0
275,11.03999975323677,11.03999999998094,-0.17018068474098577,-0.14060390068486764,-0.1379931510956303,-0.021229716017842293,1.9738203266611904,0.3378480076789856,0.0
276,11.079999752342701,11.079999999980847,-0.1639183040233045,-0.13108342519612493,-0.14060390068486764,-0.02163136936724186,1.9738162152646541,0.33785390853881836,0.0
277,11.119999751448631,11.119999999980754,-0.15755238899147603,-0.11337866651167514,-0.13108342519612493,-0.020166680216789246,1.9738308034237138,0.33785513043403625,0.0
278,11.159999750554562,11.159999999980661,-0.15108696049387763,-0.10972644437331132,-0.11337866651167514,-0.017442870885133743,1.9738435220225297,0.33785074949264526,0.0
279,11.199999749660492,11.199999999980568,-0.14452610223372445,-0.12005172035118672,-0.10972644437331132,-0.01688099093735218,1.9738478532706774,0.33784693479537964,0.0
280,11.239999748766422,11.239999999980474,-0.1378739581897151,-0.12320246839099927,-0.12005172035118672,-0.018469495698809624,1.9738313927261146,0.33784565329551697,0.0
281,11.279999747872353,11.279999999980381,-0.13113472999860587,-0.11183925283093513,-0.12320246839099927,-0.01895422674715519,1.9738186354575733,0.33785057067871094,0.0
282,11.319999746978283,11.319999999980288,-0.12431267430136675,-0.090806943034785,-0.11183925283093513,-0.017206039279699326,1.9738300367833566,0.33785441517829895,0.0
283,11.359999746084213,11.359999999980195,-0.11741210005459622,-0.08649348192290454,-0.090806943034785,-0.013970298692584038,1.9738478866904077,0.33785098791122437,0.0
284,11.399999745190144,11.399999999980102,-0.11043736580889081,-0.09875621247931499,-0.08649348192290454,-0.013306689448654652,1.9738500888303447,0.3378456234931946,0.0
285,11.439999744296074,11.439999999980008,-0.1033928769558926,-0.10258272627247622,-0.09875621247931499,-0.015193263068795204,1.9738335780380212,0.33784496784210205,0.0
286,11.479999743402004,11.479999999979915,-0.09628308294574844,-0.08909103119200823,-0.10258272627247622,-0.015781957656145096,1.9738282359225363,0.3378499150276184,0.0
287,11.519999742507935,11.519999999979822,-0.0891124744767422,-0.06428026088882212,-0.08909103119200823,-0.013706312514841557,1.973833861782792,0.33785152435302734,0.0
288,11.559999741613865,11.559999999979729,-0.08188558065887365,-0.05928278657283374,-0.06428026088882212,-0.00988927111029625,1.9738487816032948,0.33784985542297363,0.0
289,11.599999740719795,11.599999999979635,-0.07460696615317454,-0.07375558516191696,-0.05928278657283374,-0.009120428934693336,1.9738496079492023,0.3378453552722931,0.0
290,11.639999739825726,11.639999999979542,-0.06728122828857235,-0.07837261683898644,-0.07375558516191696,-0.011347013525664806,1.9738377483546719,0.337845116853714,0.0
291,11.679999738931656,11.679999999979449,-0.05991299415811782,-0.06256848819621064,-0.07837261683898644,-0.012057325802743435,1.9738327515584213,0.3378486633300781,0.0
292,11.719999738037586,11.719999999979356,-0.05250691769641429,-0.033875445903465654,-0.06256848819621064,-0.00962592102587223,1.9738409455398394,0.3378501832485199,0.0
293,11.759999737143517,11.759999999979263,-0.045067676740091815,-0.02830638679432377,-0.033875445903465654,-0.005211607087403536,1.9738371137264379,0.3378477096557617,0.0
294,11.799999736249447,11.79999999997917,-0.03759997007318689,-0.04500411150604427,-0.02830638679432377,-0.004354828968644142,1.9738391507483184,0.33784887194633484,0.0
295,11.839999735355377,11.839999999979076,-0.03010851445928866,-0.051403432711039275,-0.04500411150604427,-0.0069237095303833485,1.9738253029638417,0.3378482460975647,0.0
296,11.879999734461308,11.879999999978983,-0.022598041662330457,-0.03194108843760244,-0.051403432711039275,-0.007908220402896404,1.9738253591996868,0.337852418422699,0.0
297,11.919999733567238,11.91999999997889,-0.015073295457905258,-0.0008835671017026984,-0.03194108843760244,-0.004914013668894768,1.9738267224247381,0.3378523886203766,0.0
298,11.959999732673168,11.959999999978796,-0.007539028636996921,0.006140036705599224,-0.0008835671017026984,-0.00013593339826911688,1.9738171679082899,0.33785197138786316,0.0
299,11.999999731779099,11.999999999978703,-4.014462300168575e-12,-0.01238292396275776,0.006140036705599224,0.0009446210460737348,1.973816943413306,0.33785486221313477,0.0
300,12.039999730885029,12.03999999997861,-0.007539028628970602,-0.018857335163803928,-0.01238292396275776,-0.0019050652626901865,1.9738155323294326,0.33785492181777954,0.0
301,12.07999972999096,12.079999999978517,-0.015073295449886493,-0.006149443071050312,-0.018857335163803928,-0.0029011284932494164,1.973815786545886,0.33785533905029297,0.0
302,12.11999972909689,12.119999999978424,-0.02259804165432431,-0.0270488149970084,-0.006149443071050312,-0.0009460681467317045,1.9738193937746975,0.3378552496433258,0.0
303,12.15999972820282,12.15999999997833,-0.030108514451300455,-0.03757920030816892,-0.0270488149970084,-0.004161356016993523,1.9738132232434307,0.33785417675971985,0.0
304,12.19999972730875,12.199999999978237,-0.037599970065221415,-0.01650183634500747,-0.03757920030816892,-0.0057814153842628,1.9738104886085144,0.3378560245037079,0.0
305,12.23999972641468,12.239999999978144,-0.045067676732154095,-0.026950948772952742,-0.01650183634500747,-0.0025387441273778677,1.973813429961007,0.33785685896873474,0.0
306,12.27999972552061,12.27999999997805,-0.052506917688509326,-0.031237250393120294,-0.026950948772952742,-0.0041462997905910015,1.9738145333733763,0.3378559648990631,0.0
307,12.319999724626541,12.319999999977957,-0.05991299415025088,-0.062026999544638306,-0.031237250393120294,-0.004805730655789375,1.9738187640842346,0.33785563707351685,0.0
308,12.359999723732471,12.359999999977864,-0.06728122828074815,-0.06650578014895121,-0.062026999544638306,-0.00954261515289545,1.9737932180961537,0.33785438537597656,0.0
309,12.399999722838402,12.399999999977771,-0.07460696614539801,-0.04981886269783629,-0.06650578014895121,-0.010231658816337585,1.973793414717044,0.3378620445728302,0.0
310,12.439999721944332,12.439999999977678,-0.0818855806511497,-0.045109457451929465,-0.04981886269783629,-0.0076644401997327805,1.9738025463439617,0.3378619849681854,0.0
311,12.479999721050262,12.479999999977585,-0.08911247446907596,-0.06163787024346624,-0.045109457451929465,-0.006939916405826807,1.9738100152247584,0.33785924315452576,0.0
312,12.519999720156193,12.519999999977491,-0.09628308293814453,-0.08884834002838266,-0.06163787024346624,-0.009482748806476593,1.9738041044964576,0.3378570079803467,0.0
313,12.559999719262123,12.559999999977398,-0.10339287694835578,-0.09330207259259794,-0.08884834002838266,-0.013668975792825222,1.9737675515262152,0.33785876631736755,0.0
314,12.599999718368053,12.599999999977305,-0.11043736580142587,-0.07882733182601825,-0.09330207259259794,-0.014354164712131023,1.97377068480712,0.3378697335720062,0.0
315,12.639999717473984,12.639999999977212,-0.11741210004720787,-0.07474897075710185,-0.07882733182601825,-0.012127282097935677,1.9737914476312182,0.3378687798976898,0.0
316,12.679999716579914,12.679999999977118,-0.1243126742940599,-0.08894916015411897,-0.07474897075710185,-0.011499841697514057,1.9738038423369886,0.3378625512123108,0.0
317,12.719999715685844,12.719999999977025,-0.13113472999138487,-0.1122525642634311,-0.08894916015411897,-0.013684486038982868,1.973793187215624,0.3378588557243347,0.0
318,12.759999714791775,12.759999999976932,-0.13787395818258455,-0.11597374113284331,-0.1122525642634311,-0.017269624397158623,1.9737662361068873,0.3378620445728302,0.0
319,12.799999713897705,12.799999999976839,-0.1445261022266888,-0.10373627601750864,-0.11597374113284331,-0.017842113971710205,1.9737679995110358,0.33787012100219727,0.0
320,12.839999713003635,12.839999999976746,-0.15108696048694137,-0.10042543556151268,-0.10373627601750864,-0.015959426760673523,1.9737840891169045,0.3378696143627167,0.0
321,12.879999712109566,12.879999999976652,-0.15755238898464355,-0.11229189962669005,-0.10042543556151268,-0.01545006688684225,1.9737947053594367,0.33786478638648987,0.0
322,12.919999711215496,12.91999999997656,-0.16391830401658009,-0.13166273411818474,-0.11229189962669005,-0.017275676131248474,1.9737906873656255,0.3378615975379944,0.0
323,12.959999710321426,12.959999999976466,-0.1701806847343737,-0.13472398407564878,-0.13166273411818474,-0.020255805924534798,1.9737555228558277,0.3378627896308899,0.0
324,12.999999709427357,12.999999999976373,-0.17633557568413885,-0.12461737293945273,-0.13472398407564878,-0.0207267664372921,1.973759964561421,0.33787333965301514,0.0
325,13.039999708533287,13.03999999997628,-0.1823790893048315,-0.12196333932962121,-0.12461737293945273,-0.019171902909874916,1.9737806478256499,0.3378719985485077,0.0
326,13.079999707639217,13.079999999976186,-0.1883074083837158,-0.1317127933860272,-0.12196333932962121,-0.01876359060406685,1.9737918648359682,0.33786579966545105,0.0
327,13.119999706745148,13.119999999976093,-0.19411678846739744,-0.1476239072749908,-0.1317127933860272,-0.02026350609958172,1.9737811609358733,0.33786243200302124,0.0
328,13.159999705851078,13.159999999976,-0.1998035602269009,-0.15012656187533735,-0.1476239072749908,-0.022711370140314102,1.9737567653154064,0.3378656506538391,0.0
329,13.199999704957008,13.199999999975907,-0.20536413177529597,-0.1418271320343162,-0.15012656187533735,-0.023096393793821335,1.9737545809543486,0.3378729820251465,0.0
330,13.239999704062939,13.239999999975813,-0.21079499093641077,-0.1396876694365312,-0.1418271320343162,-0.02181955799460411,1.9737791377761535,0.337873637676239,0.0
331,13.279999703168869,13.27999999997572,-0.21609270746319748,-0.14766045344687642,-0.1396876694365312,-0.02149040997028351,1.9737872694760024,0.33786624670028687,0.0
332,13.3199997022748,13.319999999975627,-0.22125393520434952,-0.1606942242132839,-0.14766045344687642,-0.02271699346601963,1.973776068856154,0.33786383271217346,0.0
333,13.35999970138073,13.359999999975534,-0.22627541421780306,-0.16272858116695207,-0.1606942242132839,-0.024722188711166382,1.9737525080338003,0.3378671705722809,0.0
334,13.39999970048666,13.39999999997544,-0.2311539728297859,-0.15591601281587586,-0.16272858116695207,-0.02503516711294651,1.973754180415715,0.33787423372268677,0.0
335,13.43999969959259,13.439999999975347,-0.2358865296381145,-0.15417955606779937,-0.15591601281587586,-0.02398707903921604,1.9737731373674114,0.33787375688552856,0.0
336,13.47999969869852,13.479999999975254,-0.240470095458474,-0.16066787685346662,-0.15417955606779937,-0.02371993102133274,1.9737823771319438,0.3378680646419525,0.0
337,13.519999697804451,13.51999999997516,-0.24490177521245093,-0.17126510995709943,-0.16066787685346662,-0.024718135595321655,1.9737781907517982,0.33786529302597046,0.0
338,13.559999696910381,13.559999999975068,-0.24917876975612666,-0.17288612563096276,-0.17126510995709943,-0.026348479092121124,1.973760655288531,0.33786654472351074,0.0
339,13.599999696016312,13.599999999974974,-0.2532983776480769,-0.16735073961842495,-0.17288612563096276,-0.02659786492586136,1.973761692731408,0.337871789932251,0.0
340,13.639999695122242,13.639999999974881,-0.2572579968556599,-0.1659540685813592,-0.16735073961842495,-0.025746267288923264,1.9737766989475307,0.3378714919090271,0.0
341,13.679999694228172,13.679999999974788,-0.2610551263985161,-0.17114274628331763,-0.1659540685813592,-0.02553139440715313,1.9737822536422605,0.33786699175834656,0.0
342,13.719999693334103,13.719999999974695,-0.2646873679282407,-0.17955405204623015,-0.17114274628331763,-0.026329653337597847,1.9737760726216602,0.33786532282829285,0.0
343,13.759999692440033,13.759999999974601,-0.26815242724323246,-0.18079117341360323,-0.17955405204623015,-0.027623699977993965,1.9737636404740726,0.3378671705722809,0.0
344,13.799999691545963,13.799999999974508,-0.27144811573775995,-0.17642957400117257,-0.18079117341360323,-0.027814026921987534,1.9737643382855785,0.33787089586257935,0.0
345,13.839999690651894,13.839999999974415,-0.27457235178433215,-0.1753467029710758,-0.17642957400117257,-0.02714301086962223,1.9737756812153764,0.33787068724632263,0.0
346,13.879999689757824,13.879999999974322,-0.2775231620484992,-0.1793354752184238,-0.1753467029710758,-0.026976415887475014,1.9737788042131184,0.33786728978157043,0.0
347,13.919999688863754,13.919999999974229,-0.2802986827352522,-0.18568633981811916,-0.1793354752184238,-0.0275900736451149,1.9737763315401733,0.3378663659095764,0.0
348,13.959999687969685,13.959999999974135,-0.2828971607662367,-0.18655725616996174,-0.18568633981811916,-0.028567129746079445,1.9737645145239051,0.3378671109676361,0.0
349,13.999999687075615,13.999999999974042,-0.28531695488703407,-0.18332397094876327,-0.18655725616996174,-0.028701117262244225,1.973763058739543,0.33787065744400024,0.0
350,14.039999686181545,14.039999999973949,-0.28755653670381315,-0.18254617462505424,-0.18332397094876327,-0.02820368856191635,1.9737744033921998,0.33787107467651367,0.0
351,14.079999685287476,14.079999999973856,-0.28961449164869674,-0.18539174255755717,-0.18254617462505424,-0.028084026649594307,1.9737781718302376,0.3378676772117615,0.0
352,14.119999684393406,14.119999999973762,-0.2914895198732325,-0.18975259747135836,-0.18539174255755717,-0.028521806001663208,1.973779703360907,0.33786654472351074,0.0
353,14.159999683499336,14.15999999997367,-0.2931804370694058,-0.19026945747419202,-0.18975259747135836,-0.02919270657002926,1.973773308849087,0.3378660976886749,0.0
354,14.199999682605267,14.199999999973576,-0.29468617521767326,-0.18813994386628052,-0.19026945747419202,-0.029272224754095078,1.9737674732769948,0.33786800503730774,0.0
355,14.239999681711197,14.239999999973483,-0.2960057832615475,-0.18766356224488204,-0.18813994386628052,-0.028944605961441994,1.9737733074848494,0.3378697633743286,0.0
356,14.279999680817127,14.27999999997339,-0.2971384277083042,-0.18940474476220276,-0.18766356224488204,-0.028871316462755203,1.9737791329775756,0.33786800503730774,0.0
357,14.319999679923058,14.319999999973296,-0.2980833931554344,-0.1918223798484477,-0.18940474476220276,-0.029139190912246704,1.9737817420065582,0.33786624670028687,0.0
358,14.359999679028988,14.359999999973203,-0.298840082742508,-0.19199285922028184,-0.1918223798484477,-0.029511135071516037,1.9737759781539668,0.3378654718399048,0.0
359,14.399999678134918,14.39999999997311,-0.2994080185281632,-0.1909505378428585,-0.19199285922028184,-0.029537362977862358,1.9737747163306065,0.33786720037460327,0.0
360,14.439999677240849,14.439999999973017,-0.29978684179198506,-0.19077426683507293,-0.1909505378428585,-0.029377005994319916,1.9737768774923188,0.3378675878047943,0.0
361,14.479999676346779,14.479999999972923,-0.29997631326108065,-0.19143484525935248,-0.19077426683507293,-0.029349887743592262,1.9737799548496466,0.3378669321537018,0.0
362,14.51999967545271,14.51999999997283,-0.29997631326120916,-0.19193335320963853,-0.19143484525935248,-0.029451515525579453,1.9737817723444957,0.33786600828170776,0.0
363,14.55999967455864,14.559999999972737,-0.2997868417923705,-0.19175844147977386,-0.19193335320963853,-0.029528208076953888,1.9737807068372868,0.3378654718399048,0.0
364,14.59999967366457,14.599999999972644,-0.2994080185288052,-0.1917983546329315,-0.19175844147977386,-0.02950129844248295,1.9737821781652067,0.33786579966545105,0.0
365,14.6399996727705,14.63999999997255,-0.2988400827434063,-0.191923498432181,-0.1917983546329315,-0.029507439583539963,1.9737803686907196,0.33786535263061523,0.0
366,14.67999967187643,14.679999999972457,-0.29808339315658844,-0.19150810926612694,-0.191923498432181,-0.029526691883802414,1.9737778246646271,0.3378658890724182,0.0
367,14.71999967098236,14.719999999972364,-0.29713842770971316,-0.1900785431950956,-0.19150810926612694,-0.02946278639137745,1.9737858249897495,0.3378666639328003,0.0
368,14.759999670088291,14.75999999997227,-0.2960057832632105,-0.1895520269220076,-0.1900785431950956,-0.029242852702736855,1.9737802820405745,0.3378642499446869,0.0
369,14.799999669194221,14.799999999972178,-0.29468617521958934,-0.19068599145051762,-0.1895520269220076,-0.0291618499904871,1.9737837449763136,0.3378659188747406,0.0
370,14.839999668300152,14.839999999972084,-0.2931804370715736,-0.1911191222607642,-0.19068599145051762,-0.02933630719780922,1.9737811572562731,0.33786487579345703,0.0
371,14.879999667406082,14.879999999971991,-0.2914895198756508,-0.1896080168211448,-0.1911191222607642,-0.029402941465377808,1.9737827029877153,0.3378656506538391,0.0
372,14.919999666512012,14.919999999971898,-0.2896144916513638,-0.186204070154772,-0.1896080168211448,-0.029170464724302292,1.9737829472822506,0.3378652036190033,0.0
373,14.959999665617943,14.959999999971805,-0.28755653670672754,-0.18531304863464845,-0.186204070154772,-0.02864678017795086,1.9737857337630742,0.33786511421203613,0.0
374,14.999999664723873,14.999999999971712,-0.2853169548901938,-0.18757150347349977,-0.18531304863464845,-0.028509700670838356,1.973788363408983,0.3378642797470093,0.0
375,15.039999663829803,15.039999999971618,-0.28289716076963983,-0.18832296756752115,-0.18757150347349977,-0.0288571547716856,1.973781238707852,0.3378635048866272,0.0
376,15.079999662935734,15.079999999971525,-0.28029868273889663,-0.18567326856750033,-0.18832296756752115,-0.028972763568162918,1.9737808646041781,0.3378656208515167,0.0
377,15.119999662041664,15.119999999971432,-0.2775231620523825,-0.18021603999018698,-0.18567326856750033,-0.028565118089318275,1.9737834566782968,0.3378657400608063,0.0
378,15.159999661147594,15.159999999971339,-0.274572351788452,-0.17894276930185476,-0.18021603999018698,-0.027725543826818466,1.9737935703372178,0.3378649652004242,0.0
379,15.199999660253525,15.199999999971245,-0.27144811574211364,-0.18236977495779982,-0.17894276930185476,-0.027529656887054443,1.973793887644904,0.33786192536354065,0.0
380,15.239999659359455,15.239999999971152,-0.2681524272478173,-0.18345210657330285,-0.18236977495779982,-0.028056887909770012,1.9737862302217493,0.3378618359565735,0.0
381,15.279999658465385,15.279999999971059,-0.26468736793305375,-0.17960354480186735,-0.18345210657330285,-0.028223400935530663,1.973785464285924,0.33786413073539734,0.0
382,15.319999657571316,15.319999999970966,-0.2610551264035543,-0.1719930960291402,-0.17960354480186735,-0.02763131447136402,1.9737928225203303,0.33786436915397644,0.0
383,15.359999656677246,15.359999999970873,-0.2572579968609201,-0.170317114024245,-0.1719930960291402,-0.026460476219654083,1.973806720910672,0.33786216378211975,0.0
384,15.399999655783176,15.39999999997078,-0.2532983776535559,-0.17496216021619193,-0.170317114024245,-0.02620263211429119,1.973811798599942,0.3378579914569855,0.0
385,15.439999654889107,15.439999999970686,-0.24917876976182082,-0.17638874196181015,-0.17496216021619193,-0.02691725455224514,1.9737989301633154,0.3378564715385437,0.0
386,15.479999653995037,15.479999999970593,-0.24490177521835677,-0.17127003250543932,-0.17638874196181015,-0.027136730030179024,1.9737954309828878,0.3378603160381317,0.0
387,15.519999653100967,15.5199999999705,-0.24047009546458775,-0.16139814200308047,-0.17127003250543932,-0.026349235326051712,1.9738052911330122,0.3378613591194153,0.0
388,15.559999652206898,15.559999999970406,-0.23588652964443224,-0.1592961917759883,-0.16139814200308047,-0.02483048290014267,1.9738190637304758,0.3378584086894989,0.0
389,15.599999651312828,15.599999999970313,-0.23115397283630373,-0.1652088677608504,-0.1592961917759883,-0.024507107213139534,1.9738229215012886,0.337854266166687,0.0
390,15.639999650418758,15.63999999997022,-0.22627541422451683,-0.1669946169333697,-0.1652088677608504,-0.025416748598217964,1.9738111187132745,0.3378531336784363,0.0
391,15.679999649524689,15.679999999970127,-0.22125393521125494,-0.16052755291522677,-0.1669946169333697,-0.025691479444503784,1.9738042965376206,0.337856650352478,0.0
392,15.719999648630619,15.719999999970033,-0.21609270747029014,-0.14826971523839028,-0.16052755291522677,-0.02469654567539692,1.9738160413894887,0.3378587067127228,0.0
393,15.75999964773655,15.75999999996994,-0.21079499094368642,-0.1457095264059457,-0.14826971523839028,-0.02281072549521923,1.9738271129149947,0.33785519003868103,0.0
394,15.79999964684248,15.799999999969847,-0.2053641317827498,-0.15295201303952682,-0.1457095264059457,-0.022416850551962852,1.9738319862119387,0.3378518521785736,0.0
395,15.83999964594841,15.839999999969754,-0.19980356023452833,-0.15512291409117235,-0.15295201303952682,-0.023531079292297363,1.973816923541287,0.3378503918647766,0.0
396,15.87999964505434,15.87999999996966,-0.19411678847519356,-0.1472068882767356,-0.15512291409117235,-0.02386506460607052,1.9738080625860615,0.33785492181777954,0.0
397,15.91999964416027,15.919999999969567,-0.18830740839167578,-0.13237953381889653,-0.1472068882767356,-0.02264721319079399,1.9738193833989224,0.33785757422447205,0.0
398,15.959999643266201,15.959999999969474,-0.18237908931295024,-0.12931074267269038,-0.13237953381889653,-0.020366081967949867,1.97383826178651,0.33785417675971985,0.0
399,15.999999642372131,15.999999999969381,-0.17633557569241134,-0.1379929878665481,-0.12931074267269038,-0.019893961027264595,1.9738441075895805,0.3378485143184662,0.0
400,16.03999964147806,16.039999999970707,-0.17018068474257422,-0.14060384105025808,-0.1379929878665481,-0.021229689940810204,1.9738260589881318,0.3378467559814453,0.0
401,16.079999640583992,16.079999999972035,-0.16391830402469557,-0.13108347211164317,-0.14060384105025808,-0.021631360054016113,1.9738178526515533,0.3378521800041199,0.0
402,16.119999639689922,16.119999999973363,-0.15755238899266155,-0.1133784730996208,-0.13108347211164317,-0.020166687667369843,1.973828980303606,0.33785465359687805,0.0
403,16.159999638795853,16.15999999997469,-0.1510869604948498,-0.1097263515411586,-0.1133784730996208,-0.017442842945456505,1.9738473744181002,0.33785131573677063,0.0
404,16.199999637901783,16.19999999997602,-0.14452610223447593,-0.12005169035105454,-0.1097263515411586,-0.016880977898836136,1.973850094903458,0.3378458023071289,0.0
405,16.239999637007713,16.239999999977346,-0.1378739581902388,-0.1232024864968768,-0.12005169035105454,-0.018469490110874176,1.9738313400364014,0.33784496784210205,0.0
406,16.279999636113644,16.279999999978674,-0.13113472999889533,-0.11183925656764412,-0.1232024864968768,-0.01895422860980034,1.973824016536963,0.3378506004810333,0.0
407,16.319999635219574,16.319999999980002,-0.12431267430141595,-0.09080669587082177,-0.11183925656764412,-0.017206039279699326,1.9738326587923307,0.33785280585289,0.0
408,16.359999634325504,16.35999999998133,-0.1174121000543993,-0.08649340199604998,-0.09080669587082177,-0.013970260508358479,1.9738502097854567,0.3378502130508423,0.0
409,16.399999633431435,16.399999999982658,-0.11043736580844286,-0.09875619048162006,-0.08649340199604998,-0.013306677341461182,1.9738518451918572,0.33784493803977966,0.0
410,16.439999632537365,16.439999999983986,-0.10339287695518881,-0.1025827085284814,-0.09875619048162006,-0.01519326027482748,1.9738356521381784,0.33784446120262146,0.0
411,16.479999631643295,16.479999999985314,-0.09628308294478478,-0.08909088936668697,-0.1025827085284814,-0.015781955793499947,1.973824891635505,0.33784931898117065,0.0
412,16.519999630749226,16.51999999998664,-0.0891124744755148,-0.06428022538687825,-0.08909088936668697,-0.01370629109442234,1.9738338899948336,0.3378525376319885,0.0
413,16.559999629855156,16.55999999998797,-0.0818855806573793,-0.05928286555114518,-0.06428022538687825,-0.009889265522360802,1.9738468072534177,0.33784982562065125,0.0
414,16.599999628961086,16.599999999989297,-0.07460696615141052,-0.0737555404493664,-0.05928286555114518,-0.009120441041886806,1.973848910927783,0.33784595131874084,0.0
415,16.639999628067017,16.639999999990625,-0.06728122828653653,-0.07837262234157177,-0.0737555404493664,-0.01134700607508421,1.9738344295881756,0.3378453254699707,0.0
416,16.679999627172947,16.679999999991953,-0.059912994155808474,-0.06256840971145007,-0.07837262234157177,-0.01205732673406601,1.9738296734855374,0.3378496766090393,0.0
417,16.719999626278877,16.71999999999328,-0.05250691769382979,-0.033875545173912926,-0.06256840971145007,-0.00962590891867876,1.9738441495506,0.3378511071205139,0.0
418,16.759999625384808,16.75999999999461,-0.04506767673723199,-0.028306445595461912,-0.033875545173912926,-0.005211622454226017,1.9738416573295976,0.3378467559814453,0.0
419,16.799999624490738,16.799999999995936,-0.037599970070051246,-0.04500409692739013,-0.028306445595461912,-0.004354837816208601,1.9738434098468918,0.337847501039505,0.0
420,16.83999962359667,16.839999999997264,-0.030108514455877606,-0.05140350893044626,-0.04500409692739013,-0.006923707202076912,1.9738319459686564,0.337846964597702,0.0
421,16.8799996227026,16.879999999998592,-0.022598041658644413,-0.031941169312352684,-0.05140350893044626,-0.007908232510089874,1.9738279164129238,0.337850421667099,0.0
422,16.91999962180853,16.91999999999992,-0.015073295453945933,-0.0008836926273819916,-0.031941169312352684,-0.004914026241749525,1.9738288464469007,0.3378516137599945,0.0
423,16.95999962091446,16.960000000001248,-0.0075390286327661395,0.006139923537385236,-0.0008836926273819916,-0.00013595270866062492,1.9738210363161273,0.337851345539093,0.0
424,16.99999962002039,17.000000000002576,4.85441584804114e-13,-0.01238297523075906,0.006139923537385236,0.0009446036419831216,1.9738191420221922,0.33785369992256165,0.0
425,17.03999961912632,17.040000000003904,0.007539028633736716,-0.018857113719064244,-0.01238297523075906,-0.001905073062516749,1.973820361563588,0.337854266166687,0.0
426,17.07999961823225,17.08000000000523,0.015073295454915722,0.00023093286433499083,-0.018857113719064244,-0.002901094499975443,1.9738175093870491,0.33785387873649597,0.0
427,17.11999961733818,17.12000000000656,0.022598041659612666,0.03388822627767072,0.00023093286433499083,3.552813359419815e-05,1.9738197514602156,0.3378547430038452,0.0
428,17.15999961644411,17.160000000007887,0.030108514456843587,0.03964723401448206,0.03388822627767072,0.005213573109358549,1.9738016920220125,0.3378540873527527,0.0
429,17.19999961555004,17.200000000009215,0.0375999700710146,0.020609654407046752,0.03964723401448206,0.006099574267864227,1.9737970834401695,0.33785948157310486,0.0
430,17.23999961465597,17.240000000010543,0.045067676738191856,0.015076094159355046,0.020609654407046752,0.0031707161106169224,1.9738062432884969,0.3378608822822571,0.0
431,17.279999613761902,17.28000000001187,0.052506917694785694,0.03589408469888835,0.015076094159355046,0.00231939903460443,1.9738168378571175,0.3378581404685974,0.0
432,17.319999612867832,17.3200000000132,0.059912994156759804,0.06636344879256294,0.03589408469888835,0.005522166844457388,1.9738084532664557,0.33785495162010193,0.0
433,17.359999611973763,17.360000000014526,0.06728122828748269,0.07218051875681901,0.06636344879256294,0.010209761559963226,1.9737743611242677,0.3378574550151825,0.0
434,17.399999611079693,17.400000000015854,0.07460696615235102,0.053668079271211415,0.07218051875681901,0.011104695498943329,1.9737724580744398,0.3378676772117615,0.0
435,17.439999610185623,17.440000000017182,0.08188558065831332,0.04780969693534303,0.053668079271211415,0.00825662724673748,1.9737859590904645,0.33786827325820923,0.0
436,17.479999609291553,17.48000000001851,0.08911247447644187,0.0668516264854099,0.04780969693534303,0.007355337962508202,1.9737961213012025,0.3378642201423645,0.0
437,17.519999608397484,17.520000000019838,0.09628308294570442,0.09772149569375532,0.0668516264854099,0.010284865275025368,1.9737875158234306,0.33786115050315857,0.0
438,17.559999607503414,17.560000000021166,0.10339287695610022,0.10232535209165515,0.09772149569375532,0.015034075826406479,1.9737484244980266,0.3378637433052063,0.0
439,17.599999606609344,17.600000000022494,0.11043736580934557,0.0851045850732499,0.10232535209165515,0.015742361545562744,1.9737470007764555,0.33787548542022705,0.0
440,17.639999605715275,17.64000000002382,0.11741210005529273,0.07980298568847723,0.0851045850732499,0.013093013316392899,1.9737701468434685,0.3378759026527405,0.0
441,17.679999604821205,17.68000000002515,0.12431267430229956,0.09720160379239115,0.07980298568847723,0.012277382425963879,1.9737852434344656,0.33786895871162415,0.0
442,17.719999603927135,17.720000000026477,0.13113472999976866,0.12481148056897048,0.09720160379239115,0.014954092912375927,1.973772653243428,0.3378644287586212,0.0
443,17.759999603033066,17.760000000027805,0.13787395819110107,0.12875594821341438,0.12481148056897048,0.019201766699552536,1.9737305130539664,0.33786821365356445,0.0
444,17.799999602138996,17.800000000029133,0.14452610223532683,0.11344414697563986,0.12875594821341438,0.019808607175946236,1.973731496886966,0.33788084983825684,0.0
445,17.839999601244926,17.84000000003046,0.1510869604956886,0.1088438864069736,0.11344414697563986,0.017452945932745934,1.973759600013202,0.33788055181503296,0.0
446,17.879999600350857,17.88000000003179,0.1575523889934878,0.12439315359448067,0.1088438864069736,0.01674521341919899,1.9737753410571681,0.33787211775779724,0.0
447,17.919999599456787,17.920000000033117,0.1639183040255088,0.14858036809220534,0.12439315359448067,0.019137408584356308,1.9737614898504772,0.33786740899086,0.0
448,17.959999598562717,17.960000000034444,0.17018068474337378,0.15188044335521195,0.14858036809220534,0.0228585172444582,1.97372057305187,0.3378715515136719,0.0
449,17.999999597668648,18.000000000035772,0.1763355756931971,0.13850789943487746,0.15188044335521195,0.02336622215807438,1.9737221474394129,0.3378838300704956,0.0
450,18.039999596774578,18.0400000000371,0.18237908931393407,0.1346100589855787,0.13850789943487746,0.021308908239006996,1.9737478255801402,0.3378833532333374,0.0
451,18.07999959588051,18.080000000038428,0.18830740839284882,0.1482930419204672,0.1346100589855787,0.020709238946437836,1.9737669511091975,0.3378756642341614,0.0
452,18.11999959498644,18.120000000039756,0.19411678847654687,0.16917069134146961,0.1482930419204672,0.0228143148124218,1.9737535057922546,0.33786991238594055,0.0
453,18.15999959409237,18.160000000041084,0.19980356023605209,0.17188212344786122,0.16917069134146961,0.02602626010775566,1.9737169459596802,0.3378739356994629,0.0
454,18.1999995931983,18.20000000004241,0.20536413178443427,0.1603639638992199,0.17188212344786122,0.026443403214216232,1.9737166054774828,0.33788490295410156,0.0
455,18.23999959230423,18.24000000004374,0.21079499094552112,0.15712346050142598,0.1603639638992199,0.02467137947678566,1.9737421541445008,0.3378850221633911,0.0
456,18.27999959141016,18.280000000045067,0.2160927074722647,0.16898902310716837,0.15712346050142598,0.024172840639948845,1.9737588880130414,0.3378773629665375,0.0
457,18.31999959051609,18.320000000046395,0.2212539352133581,0.18672833784130716,0.16898902310716837,0.02599831111729145,1.973742688693538,0.33787232637405396,0.0
458,18.35999958962202,18.360000000047723,0.22627541422673741,0.18889775744541407,0.18672833784130716,0.028727436438202858,1.97370707898746,0.33787718415260315,0.0
459,18.39999958872795,18.40000000004905,0.23115397283863037,0.17914213108697682,0.18889775744541407,0.029061192646622658,1.9737146145950941,0.33788788318634033,0.0
460,18.43999958783388,18.44000000005038,0.23588652964685283,0.1765034391921753,0.17914213108697682,0.02756032720208168,1.9737406318252189,0.33788561820983887,0.0
461,18.47999958693981,18.480000000051707,0.24047009546709044,0.1865722949392719,0.1765034391921753,0.02715437486767769,1.973756487741178,0.3378778100013733,0.0
462,18.519999586045742,18.520000000053034,0.24490177522092904,0.20128676363665188,0.1865722949392719,0.02870343066751957,1.9737380319021982,0.33787304162979126,0.0
463,18.559999585151672,18.560000000054362,0.24917876976445014,0.202957184723559,0.20128676363665188,0.030967194586992264,1.9737131318144567,0.33787858486175537,0.0
464,18.599999584257603,18.60000000005569,0.25329837765622926,0.19491306579135578,0.202957184723559,0.03122418187558651,1.9737148542420553,0.3378860652446747,0.0
465,18.639999583363533,18.640000000057018,0.25725799686362466,0.19282616351745765,0.19491306579135578,0.029986625537276268,1.9737371640303336,0.3378855586051941,0.0
466,18.679999582469463,18.680000000058346,0.26105512640627676,0.20108092720876877,0.19282616351745765,0.029665563255548477,1.9737506327477952,0.33787885308265686,0.0
467,18.719999581575394,18.720000000059674,0.2646873679357805,0.21284081203394706,0.20108092720876877,0.03093552775681019,1.9737393185972951,0.33787479996681213,0.0
468,18.759999580681324,18.760000000061,0.2681524272505348,0.2140602268950857,0.21284081203394706,0.03274473920464516,1.973714687839642,0.33787819743156433,0.0
469,18.799999579787254,18.80000000006233,0.2714481157448083,0.20769713260235825,0.2140602268950857,0.0329323410987854,1.9737167579851462,0.3378855884075165,0.0
470,18.839999578893185,18.840000000063657,0.2745723517911098,0.20611339583596716,0.20769713260235825,0.03195340558886528,1.9737335616654161,0.33788496255874634,0.0
471,18.879999577999115,18.880000000064985,0.2775231620549895,0.21254120398545295,0.20611339583596716,0.03170975297689438,1.973744777506904,0.3378799259662628,0.0
472,18.919999577105045,18.920000000066313,0.28029868274143865,0.22143110837328595,0.21254120398545295,0.03269864618778229,1.9737373907753533,0.337876558303833,0.0
473,18.959999576210976,18.96000000006764,0.28289716077210275,0.22225142039644988,0.22143110837328595,0.034066323190927505,1.973720138789792,0.3378787934780121,0.0
474,18.999999575316906,19.00000000006897,0.2853169548925633,0.21752540996484596,0.22225142039644988,0.0341925248503685,1.9737191187571004,0.33788394927978516,0.0
475,19.039999574422836,19.040000000070297,0.2875565367089894,0.21639660992806126,0.21752540996484596,0.03346544876694679,1.973733275475766,0.3378842771053314,0.0
476,19.079999573528767,19.080000000071625,0.2896144916535038,0.22101742596536939,0.21639660992806126,0.033291786909103394,1.9737515137752297,0.33788001537323,0.0
477,19.119999572634697,19.120000000072952,0.29148951987765437,0.22715651586774566,0.22101742596536939,0.03400268033146858,1.973739003704836,0.33787453174591064,0.0
478,19.159999571740627,19.16000000007428,0.2931804370734264,0.22762565685530503,0.22715651586774566,0.03494715690612793,1.9737287483804273,0.3378782868385315,0.0
479,19.199999570846558,19.200000000075608,0.2946861752212771,0.22447319937714866,0.22762565685530503,0.03501933068037033,1.973728985168911,0.3378813862800598,0.0
480,19.239999569952488,19.240000000076936,0.296005783264719,0.22375430810863445,0.22447319937714866,0.03453433886170387,1.9737462418320428,0.33788129687309265,0.0
481,19.27999956905842,19.280000000078264,0.2971384277110281,0.22661665714141582,0.22375430810863445,0.03442373871803284,1.9737469867864417,0.3378761410713196,0.0
482,19.31999956816435,19.32000000007959,0.29808339315769566,0.23013288855231276,0.22661665714141582,0.03486410155892372,1.9737439244038677,0.3378759026527405,0.0
483,19.35999956727028,19.36000000008092,0.2988400827442917,0.23028587762462469,0.23013288855231276,0.03540505841374397,1.9737360669885582,0.3378768265247345,0.0
484,19.39999956637621,19.400000000082247,0.2994080185294549,0.22864247667848397,0.23028587762462469,0.035428594797849655,1.9737385503215568,0.3378791809082031,0.0
485,19.43999956548214,19.440000000083575,0.2997868417927705,0.2283000699515414,0.22864247667848397,0.03517576679587364,1.9737462620310042,0.33787843585014343,0.0
486,19.47999956458807,19.480000000084903,0.29997631326134594,0.22945162282148707,0.2283000699515414,0.03512308746576309,1.9737510036266144,0.3378761112689972,0.0
487,19.519999563694,19.52000000008623,0.2999763132609406,0.23043539354365397,0.22945162282148707,0.035300251096487045,1.9737484243568824,0.33787471055984497,0.0
488,19.55999956279993,19.56000000008756,0.29978684179155474,0.23028840908891024,0.23043539354365397,0.03545159846544266,1.9737492336290872,0.33787548542022705,0.0
489,19.59999956190586,19.600000000088887,0.29940801852742943,0.23011613660534197,0.23028840908891024,0.035428985953330994,1.9737484633686804,0.33787521719932556,0.0
490,19.63999956101179,19.640000000090215,0.29884008274145785,0.2301350039942899,0.23011613660534197,0.035402484238147736,1.973748909050515,0.33787545561790466,0.0
491,19.67999956011772,19.680000000091542,0.29808339315405513,0.22959573899951155,0.2301350039942899,0.03540538623929024,1.9737509945310903,0.3378753364086151,0.0
492,19.719999559223652,19.72000000009287,0.2971384277065833,0.2280634176397465,0.22959573899951155,0.03532242029905319,1.9737533728542829,0.33787471055984497,0.0
493,19.759999558329582,19.760000000094198,0.2960057832594727,0.2276117939570014,0.2280634176397465,0.035086680203676224,1.9737566533936395,0.33787399530410767,0.0
494,19.799999557435513,19.800000000095526,0.29468617521523255,0.22891794619181963,0.2276117939570014,0.03501719981431961,1.9737615132020303,0.33787301182746887,0.0
495,19.839999556541443,19.840000000096854,0.2931804370665875,0.22930628679005624,0.22891794619181963,0.035218145698308945,1.9737589178575445,0.3378715515136719,0.0
496,19.879999555647373,19.880000000098182,0.2914895198700253,0.2270506665779873,0.22930628679005624,0.03527789190411568,1.9737579116736759,0.33787232637405396,0.0
497,19.919999554753304,19.92000000009951,0.2896144916450895,0.22292615403423668,0.2270506665779873,0.034930869936943054,1.9737609012997577,0.33787262439727783,0.0
498,19.959999553859234,19.960000000100838,0.2875565366997953,0.2221441655004605,0.22292615403423668,0.03429633006453514,1.973766434167464,0.3378717303276062,0.0
499,19.999999552965164,20.000000000102165,0.2853169548825951,0.22498975140802124,0.2221441655004605,0.03417602553963661,1.973770749749203,0.3378700613975525,0.0
500,20.039999552071095,20.040000000103493,0.28289716076136673,0.2257809013236567,0.22498975140802124,0.03461380675435066,1.9737597162163218,0.3378687798976898,0.0
501,20.079999551177025,20.08000000010482,0.28029868272994146,0.22173867115645696,0.2257809013236567,0.03473552316427231,1.9737574680110002,0.33787208795547485,0.0
502,20.119999550282955,20.12000000010615,0.2775231620427385,0.21485796064389798,0.22173867115645696,0.03411364182829857,1.9737662163844267,0.33787277340888977,0.0
503,20.159999549388885,20.160000000107477,0.2745723517781129,0.2137013340900174,0.21485796064389798,0.03305507078766823,1.9737810150796486,0.33787012100219727,0.0
504,20.199999548494816,20.200000000108805,0.27144811573107347,0.21819419044220315,0.2137013340900174,0.032877128571271896,1.973782798928924,0.3378657102584839,0.0
505,20.239999547600746,20.240000000110133,0.2681524272360709,0.2194450946333942,0.21819419044220315,0.03356833755970001,1.9737702981878607,0.3378651738166809,0.0
506,20.279999546706676,20.28000000011146,0.2646873679205966,0.21351659316250862,0.2194450946333942,0.033760782331228256,1.9737672036317062,0.33786889910697937,0.0
507,20.319999545812607,20.32000000011279,0.2610551263903823,0.20365562716530958,0.21351659316250862,0.03284870833158493,1.9737798558710202,0.3378698527812958,0.0
508,20.359999544918537,20.360000000114116,0.25725799684702993,0.20206753249617465,0.20365562716530958,0.031331636011600494,1.973799602553025,0.33786603808403015,0.0
509,20.399999544024467,20.400000000115444,0.2532983776389445,0.20834022673571848,0.20206753249617465,0.03108731284737587,1.9738025998076987,0.337860107421875,0.0
510,20.439999543130398,20.440000000116772,0.24917876974648653,0.21012488352828318,0.20834022673571848,0.03205234184861183,1.9737813980377086,0.33785921335220337,0.0
511,20.479999542236328,20.4800000001181,0.24490177520229767,0.20221353040465864,0.21012488352828318,0.03232690691947937,1.9737758853035459,0.33786559104919434,0.0
512,20.51999954134226,20.520000000119428,0.24047009544780318,0.18914511117529392,0.20221353040465864,0.031109774485230446,1.9737890434434031,0.33786723017692566,0.0
513,20.55999954044819,20.560000000120755,0.23588652962692205,0.18706377473610225,0.18914511117529392,0.029099248349666595,1.9738093490117385,0.3378632962703705,0.0
514,20.59999953955412,20.600000000122083,0.2311539728180683,0.1952366803719049,0.18706377473610225,0.02877904288470745,1.973814268896479,0.337857186794281,0.0
515,20.63999953866005,20.64000000012341,0.2262754142055574,0.19763130617930003,0.1952366803719049,0.030036412179470062,1.9737933332918625,0.337855726480484,0.0
516,20.67999953776598,20.68000000012474,0.22125393519157313,0.1876846789159375,0.19763130617930003,0.030404815450310707,1.9737831852051346,0.3378620147705078,0.0
517,20.71999953687191,20.720000000126067,0.21609270744988887,0.1712456785739852,0.1876846789159375,0.02887456677854061,1.9737991424561385,0.33786505460739136,0.0
518,20.75999953597784,20.760000000127395,0.21079499092256856,0.1686157402742969,0.1712456785739852,0.02634548954665661,1.9738249830062322,0.33786025643348694,0.0
519,20.79999953508377,20.800000000128723,0.20536413176091914,0.17875552480806217,0.1686157402742969,0.02594088390469551,1.9738301469987034,0.33785250782966614,0.0
520,20.8399995341897,20.84000000013005,0.19980356021198953,0.18181944862562532,0.17875552480806217,0.027500849217176437,1.9738033478803698,0.337850958108902,0.0
521,20.87999953329563,20.88000000013138,0.194116788451952,0.1698582071911136,0.18181944862562532,0.027972223237156868,1.9737938246935367,0.33785900473594666,0.0
522,20.91999953240156,20.920000000132706,0.18830740836773732,0.14999804099890618,0.1698582071911136,0.02613203227519989,1.9738114924250318,0.3378618657588959,0.0
523,20.959999531507492,20.960000000134034,0.18237908928832167,0.14677802399522535,0.14999804099890618,0.023076621815562248,1.9738338949058285,0.33785656094551086,0.0
524,20.999999530613422,21.000000000135362,0.17633557566709987,0.1588756969485862,0.14677802399522535,0.022581234574317932,1.9738374788248574,0.33784982562065125,0.0
525,21.039999529719353,21.04000000013669,0.17018068471680842,0.16263620404916168,0.1588756969485862,0.024442415684461594,1.9738153080520981,0.3378487527370453,0.0
526,21.079999528825283,21.080000000138018,0.16391830399849175,0.14875125307065434,0.16263620404916168,0.025020955130457878,1.9737999990988864,0.33785539865493774,0.0
527,21.119999527931213,21.120000000139346,0.15755238896603646,0.12553267865189363,0.14875125307065434,0.022884808480739594,1.9738180520144994,0.33785998821258545,0.0
528,21.159999527037144,21.160000000140673,0.1510869604678204,0.12169803164907779,0.12553267865189363,0.019312718883156776,1.973840873607804,0.3378545939922333,0.0
529,21.199999526143074,21.200000000142,0.14452610220705886,0.13567659542092306,0.12169803164907779,0.01872277446091175,1.9738461214733363,0.3378477394580841,0.0
530,21.239999525249004,21.24000000014333,0.1378739581624517,0.14012026303117162,0.13567659542092306,0.02087332308292389,1.9738223399767123,0.33784615993499756,0.0
531,21.279999524354935,21.280000000144657,0.1311347299707557,0.12444921751751702,0.14012026303117162,0.02155696414411068,1.973809105638073,0.3378533124923706,0.0
532,21.319999523460865,21.320000000145985,0.12431267427294151,0.09803639015476528,0.12444921751751702,0.019146032631397247,1.973822853881879,0.33785727620124817,0.0
533,21.359999522566795,21.360000000147313,0.11741210002560806,0.09359078411639198,0.09803639015476528,0.015082521364092827,1.9738411118457149,0.3378531336784363,0.0
534,21.399999521672726,21.40000000014864,0.11043736577935276,0.1093037330817063,0.09359078411639198,0.01439858227968216,1.9738438558476352,0.33784767985343933,0.0
535,21.439999520778656,21.44000000014997,0.10339287692581885,0.11436753065574698,0.1093037330817063,0.01681595854461193,1.973822681654975,0.3378468453884125,0.0
536,21.479999519884586,21.480000000151296,0.09628308291515285,0.09710763405239245,0.11436753065574698,0.01759500429034233,1.9738115855123297,0.33785319328308105,0.0
537,21.519999518990517,21.520000000152624,0.08911247444564001,0.0678276947830986,0.09710763405239245,0.014939635992050171,1.9738221336142503,0.3378565311431885,0.0
538,21.559999518096447,21.560000000153952,0.08188558062728028,0.06282490082282356,0.0678276947830986,0.010435029864311218,1.973838640092971,0.3378533720970154,0.0
539,21.599999517202377,21.60000000015528,0.07460696612110651,0.08000726910131972,0.06282490082282356,0.009665369056165218,1.973839736867247,0.33784839510917664,0.0
540,21.639999516308308,21.640000000156608,0.06728122825604657,0.08555918109396986,0.08000726910131972,0.012308810837566853,1.9738206748206335,0.33784806728363037,0.0
541,21.679999515414238,21.680000000157936,0.05991299412515155,0.06703968491059198,0.08555918109396986,0.013162950985133648,1.9738130956907398,0.3378537893295288,0.0
542,21.71999951452017,21.720000000159263,0.052506917663025926,0.03552638949067647,0.06703968491059198,0.010313797742128372,1.973822198850053,0.33785608410835266,0.0
543,21.7599995136261,21.76000000016059,0.045067676706300096,0.030101806468982476,0.03552638949067647,0.005465598311275244,1.9738242610304595,0.337853342294693,0.0
544,21.79999951273203,21.80000000016192,0.03759997003901088,0.048289691619624917,0.030101806468982476,0.004631047137081623,1.9738282648940402,0.33785271644592285,0.0
545,21.83999951183796,21.840000000163247,0.030108514424748507,0.05430541600646434,0.048289691619624917,0.0074291834607720375,1.9738224943077274,0.33785152435302734,0.0
546,21.87999951094389,21.880000000164575,0.022598041627446365,0.034932189548501545,0.05430541600646434,0.008354679681360722,1.9738187153575044,0.33785325288772583,0.0
547,21.91999951004982,21.920000000165903,0.015073295422698514,0.0021692029075958377,0.034932189548501545,0.0053741829469799995,1.973826514310685,0.33785438537597656,0.0
548,21.95999950915575,21.96000000016723,0.007539028601489084,-0.00342638075093421,0.0021692029075958377,0.0003337235248181969,1.9738143492140665,0.33785203099250793,0.0
549,21.99999950826168,22.00000000016856,0.0,0.015072111942653217,-0.00342638075093421,-0.0005271355039440095,1.9738151795746663,0.3378556966781616,0.0
550,22.03999950736761,22.040000000169886,0.0,0.02088013518220941,0.015072111942653217,0.002318786457180977,1.9738162159473187,0.3378554582595825,0.0
551,22.07999950647354,22.080000000171214,0.0,0.002858421031184256,0.02088013518220941,0.0032123285345733166,1.9738167372669002,0.33785513043403625,0.0
552,22.11999950557947,22.120000000172542,0.0,0.00397596798668795,0.002858421031184256,0.00043975707376375794,1.973820692114327,0.3378549814224243,0.0
553,22.159999504685402,22.16000000017387,0.0,-0.00021209596249452747,0.00397596798668795,0.0006116873701103032,1.973822534243673,0.3378537893295288,0.0
554,22.199999503791332,22.200000000175198,0.0,0.0010657088910125988,-0.00021209596249452747,-3.263014878029935e-05,1.9738256684480748,0.33785325288772583,0.0
555,22.239999502897263,22.240000000176526,0.0,0.0010132661704358192,0.0010657088910125988,0.00016395522106904536,1.9738324645751621,0.3378522992134094,0.0
556,22.279999502003193,22.280000000177854,0.0,0.0012412542300736008,0.0010132661704358192,0.00015588710084557533,1.9738324048316345,0.33785027265548706,0.0
557,22.319999501109123,22.32000000017918,0.0,0.0013409305909270381,0.0012412542300736008,0.00019096219330094755,1.9738332839534625,0.33785027265548706,0.0
558,22.359999500215054,22.36000000018051,0.0,0.0013817996214285156,0.0013409305909270381,0.00020629701612051576,1.9738311091128196,0.33785000443458557,0.0
559,22.399999499320984,22.400000000181837,0.0,0.0014075446203850824,0.0013817996214285156,0.00021258456399664283,1.973837044078668,0.3378506600856781,0.0
560,22.439999498426914,22.440000000183165,0.0,0.0014098870265162916,0.0014075446203850824,0.00021654533338733017,1.9738408949888713,0.33784887194633484,0.0
561,22.479999497532845,22.480000000184493,0.0,0.0014172553471625494,0.0014098870265162916,0.00021690569701604545,1.9738408947798904,0.3378477394580841,0.0
562,22.519999496638775,22.52000000018582,0.0,0.0014343274507251696,0.0014172553471625494,0.00021803929121233523,1.9738410346225375,0.3378477394580841,0.0
563,22.559999495744705,22.56000000018715,0.0,0.0014359381543979628,0.0014343274507251696,0.00022066576639190316,1.9738441178869819,0.33784767985343933,0.0
564,22.599999494850636,22.600000000188476,0.0,0.0014329326638568107,0.0014359381543979628,0.0002209135564044118,1.9738441580891033,0.3378467559814453,0.0
565,22.639999493956566,22.640000000189804,0.0,0.001430394476529838,0.0014329326638568107,0.00022045118384994566,1.973847149889297,0.3378467559814453,0.0
566,22.679999493062496,22.680000000191132,0.0,0.001427704505295092,0.001430394476529838,0.00022006068320479244,1.973845010839955,0.3378458619117737,0.0
567,22.719999492168427,22.72000000019246,0.0,0.0014264666115244543,0.001427704505295092,0.00021964684128761292,1.9738457400422347,0.3378464877605438,0.0
568,22.759999491274357,22.760000000193788,0.0,0.0014262215095553477,0.0014264666115244543,0.00021945640037301928,1.9738457645434664,0.3378462791442871,0.0
569,22.799999490380287,22.800000000195116,0.0,0.001425921852031446,0.0014262215095553477,0.00021941869636066258,1.9738450879248395,0.3378462791442871,0.0
570,22.839999489486217,22.840000000196444,0.0,0.0014258633234516922,0.001425921852031446,0.0002193725958932191,1.9738457241387148,0.3378464877605438,0.0
571,22.879999488592148,22.88000000019777,0.0,0.0014262635915368478,0.0014258633234516922,0.00021936358825769275,1.973846963922316,0.3378462791442871,0.0
572,22.919999487698078,22.9200000001991,0.0,0.0014264631064093152,0.0014262635915368478,0.0002194251719629392,1.9738509480982676,0.33784592151641846,0.0
573,22.95999948680401,22.960000000200427,0.0,0.001426605010514727,0.0014264631064093152,0.00021945586195215583,1.973848368958435,0.33784472942352295,0.0
574,22.99999948590994,23.000000000201755,0.0,0.0014265416966521055,0.001426605010514727,0.00021947768982499838,1.973848656016192,0.33784547448158264,0.0
575,23.03999948501587,23.040000000203083,0.0,0.0014266703609626852,0.0014265416966521055,0.0002194679545937106,1.973848346014796,0.33784541487693787,0.0
576,23.0799994841218,23.08000000020441,0.0,0.0014266009097769657,0.0014266703609626852,0.00021948774519842118,1.973849233392818,0.33784550428390503,0.0
577,23.11999948322773,23.12000000020574,0.0,0.0014266336713117758,0.0014266009097769657,0.00021947706409264356,1.9738496436741757,0.33784523606300354,0.0
578,23.15999948233366,23.160000000207067,0.0,0.001426540520399096,0.0014266336713117758,0.00021948209905531257,1.9738493355524576,0.337845116853714,0.0
579,23.19999948143959,23.200000000208394,0.0,0.0014266108808450363,0.001426540520399096,0.00021946776541881263,1.9738435400592163,0.33784520626068115,0.0
580,23.23999948054552,23.240000000209722,0.0,0.0014265810248881127,0.0014266108808450363,0.00021947859204374254,1.9738470509819068,0.33784693479537964,0.0
581,23.27999947965145,23.28000000021105,0.0,0.0014265659962638636,0.0014265810248881127,0.0002194740081904456,1.973848297182809,0.33784589171409607,0.0
582,23.31999947875738,23.320000000212378,0.0,0.0014265707443395022,0.0014265659962638636,0.0002194716944359243,1.9738475099143336,0.33784550428390503,0.0
583,23.35999947786331,23.360000000213706,0.0,0.0014265596786681982,0.0014265707443395022,0.0002194724220316857,1.9738472058142227,0.33784574270248413,0.0
584,23.399999476969242,23.400000000215034,0.0,0.0014265570351891105,0.0014265596786681982,0.000219470719457604,1.973847855596083,0.3378458321094513,0.0
585,23.439999476075172,23.44000000021636,0.0,0.0014264421535283736,0.0014265570351891105,0.0002194703120039776,1.973849096252936,0.33784565329551697,0.0
586,23.479999475181103,23.48000000021769,0.0,0.0014265770938095904,0.0014264421535283736,0.00021945264597889036,1.973845212774301,0.3378452658653259,0.0
587,23.519999474287033,23.520000000219017,0.0,0.0014265403951572012,0.0014265770938095904,0.000219473397010006,1.9738483667441147,0.33784642815589905,0.0
588,23.559999473392963,23.560000000220345,0.0,0.0014265394855296682,0.0014265403951572012,0.0002194677508668974,1.9738499681269788,0.33784550428390503,0.0
589,23.599999472498894,23.600000000221673,0.0,0.0014265529897740383,0.0014265394855296682,0.00021946761989966035,1.973851451023404,0.33784499764442444,0.0
590,23.639999471604824,23.640000000223,0.0,0.0014265601956311143,0.0014265529897740383,0.00021946968627162278,1.9738515045352782,0.3378445506095886,0.0
591,23.679999470710754,23.68000000022433,0.0,0.0014265658704665184,0.0014265601956311143,0.00021947079221718013,1.9738533428633267,0.3378445506095886,0.0
592,23.719999469816685,23.720000000225657,0.0,0.0014266174444021434,0.0014265658704665184,0.00021947166533209383,1.973853161259659,0.33784398436546326,0.0
593,23.759999468922615,23.760000000226984,0.0,0.0014265392515918846,0.0014266174444021434,0.00021947961067780852,1.9738483229858028,0.33784404397010803,0.0
594,23.799999468028545,23.800000000228312,0.0,0.0014266139946088451,0.0014265392515918846,0.00021946757624391466,1.9738513603919838,0.33784550428390503,0.0
595,23.839999467134476,23.84000000022964,0.0,0.0014265847839569678,0.0014266139946088451,0.00021947907225694507,1.973850458121511,0.337844580411911,0.0
596,23.879999466240406,23.880000000230968,0.0,0.0014265688483313319,0.0014265847839569678,0.0002194745757151395,1.9738514624780592,0.3378448486328125,0.0
597,23.919999465346336,23.920000000232296,0.0,0.00142657248608828,0.0014265688483313319,0.00021947213099338114,1.9738518739481081,0.3378445506095886,0.0
598,23.959999464452267,23.960000000233624,0.0,0.0014265605590563332,0.00142657248608828,0.00021947268396615982,1.9738502529716329,0.3378444314002991,0.0
599,23.999999463558197,24.00000000023495,0.0,0.0014265573823968787,0.0014265605590563332,0.00021947085042484105,1.9738506648489722,0.33784493803977966,0.0
