condition,seed,kind,expected_beep,beep_count,beep_onsets_seconds,reaction_seconds,false_beep,pressed_seconds,passed,connected,maximum_button_travel,maximum_wheel_angle,all_quiet
learned,130000,wait_then_green,True,1,[4.366666666666666],0.12342282099030744,False,0.6499999999999977,True,True,0.8871358455176609,0.0016157728888334492,False
learned,130001,wait_then_green,True,1,[3.566666666666667],0.15982164712559266,False,0.6499999999999977,True,True,0.8831963059780967,0.0016157728888334508,False
learned,130002,wait_then_green,True,1,[4.066666666666666],0.08568667639010208,False,0.6499999999999977,True,True,0.8827977990608797,0.0016157728888334503,False
learned,130003,wait_then_green,True,1,[3.8666666666666667],0.15713131459568563,False,0.6499999999999977,True,True,0.8878795986333078,0.0016157728888334497,False
learned,130004,wait_then_green,True,1,[3.55],0.06661333242288991,False,0.6666666666666643,True,True,0.8910314455748539,0.0016157728888334525,False
learned,130005,wait_then_green,True,1,[3.966666666666667],0.1546599221688405,False,0.6499999999999977,True,True,0.8784796972812071,0.00161577288883345,False
learned,130006,wait_then_green,True,1,[3.466666666666667],0.08750238272613453,False,0.6499999999999977,True,True,0.8800885694691735,0.0016157728888334512,False
learned,130007,wait_then_green,True,1,[3.966666666666667],0.1320000884307122,False,0.6499999999999977,True,True,0.8824355730162854,0.0016157728888334516,False
learned,130008,wait_then_green,True,1,[4.266666666666667],0.1456463579355507,False,0.6499999999999977,True,True,0.886823758761269,0.001615772888833449,False
learned,130009,wait_then_green,True,2,"[4.266666666666667, 4.9]",0.11582041540214139,False,0.6333333333333311,False,True,0.8839594048360705,0.001615772888833453,False
learned,130010,wait_then_green,True,1,[3.466666666666667],0.13584366838454454,False,0.6499999999999977,True,True,0.8869847298105178,0.0016157728888334477,False
learned,130011,wait_then_green,True,1,[4.366666666666666],0.15081707853243564,False,0.6499999999999977,True,True,0.8886862692888868,0.001615772888833451,False
learned,130012,wait_then_green,True,1,[4.366666666666666],0.08102465608309384,False,0.6499999999999977,True,True,0.8887312887659784,0.001615772888833449,False
learned,130013,wait_then_green,True,1,[4.266666666666667],0.13048946175761333,False,0.6499999999999977,True,True,0.8880737050661879,0.00161577288883345,False
learned,130014,wait_then_green,True,1,[3.7666666666666666],0.11041626223670997,False,0.6499999999999977,True,True,0.8848252939110454,0.0016157728888334505,False
learned,130015,wait_then_green,True,1,[3.8666666666666667],0.08639266283990388,False,0.6499999999999977,True,True,0.8885725731372813,0.00161577288883345,False
learned,130016,wait_then_green,True,1,[4.466666666666667],0.09703315404022295,False,0.6499999999999977,True,True,0.8876730367285456,0.0016157728888334497,False
learned,130017,wait_then_green,True,1,[4.466666666666667],0.11859774418670543,False,0.6499999999999977,True,True,0.8878434322448209,0.00161577288883345,False
learned,130018,wait_then_green,True,1,[3.6666666666666665],0.14099309559178552,False,0.6499999999999977,True,True,0.8884336461441591,0.0016157728888334482,False
learned,130019,wait_then_green,True,1,[3.8666666666666667],0.10659323475547833,False,0.6499999999999977,True,True,0.88531423863431,0.0016157728888334497,False
learned,130020,wait_then_green,True,1,[3.7666666666666666],0.16118334968086234,False,0.6499999999999977,True,True,0.8803973237536246,0.0016157728888334492,False
learned,130021,wait_then_green,True,2,"[3.8666666666666667, 4.5]",0.09774986353433546,False,0.6333333333333311,False,True,0.8811109112141396,0.0016157728888334497,False
learned,130022,wait_then_green,True,1,[3.466666666666667],0.0743946666868438,False,0.6499999999999977,True,True,0.8865491692231844,0.0016157728888334512,False
learned,130023,wait_then_green,True,1,[3.966666666666667],0.1411090610505088,False,0.6499999999999977,True,True,0.8905661924469762,0.0016157728888334473,False
learned,130024,wait_then_green,True,1,[3.3666666666666667],0.15483103287702393,False,0.6499999999999977,True,True,0.8856268248806953,0.0016157728888334475,False
learned,130025,wait_then_green,True,1,[3.6666666666666665],0.10292593882395717,False,0.6499999999999977,True,True,0.8823109055310515,0.0016157728888334469,False
learned,130026,wait_then_green,True,1,[4.366666666666666],0.1079032189229352,False,0.6499999999999977,True,True,0.8876050109477125,0.0016157728888334501,False
learned,130027,wait_then_green,True,1,[3.466666666666667],0.08847983636041157,False,0.6499999999999977,True,True,0.8845069872913207,0.0016157728888334508,False
learned,130028,wait_then_green,True,1,[3.566666666666667],0.11316623903614698,False,0.6499999999999977,True,True,0.8828085680802615,0.001615772888833452,False
learned,130029,wait_then_green,True,1,[3.3666666666666667],0.12846480606227795,False,0.6499999999999977,True,True,0.8875879517580034,0.0016157728888334501,False
learned,131000,no_car,False,0,[],,False,0.0,True,True,0.18237473418197508,0.0016157728888334482,True
learned,131001,no_car,False,0,[],,False,0.0,True,True,0.24336435938866535,0.001615772888833449,True
learned,131002,no_car,False,0,[],,False,0.0,True,True,0.2981581068384006,0.0016157728888334482,True
learned,131003,no_car,False,0,[],,False,0.0,True,True,0.24863540908286713,0.001615772888833448,True
learned,131004,no_car,False,0,[],,False,0.0,True,True,0.28118191066025744,0.0016157728888334534,True
learned,131005,no_car,False,0,[],,False,0.0,True,True,0.21948418206459566,0.001615772888833449,True
learned,131006,no_car,False,0,[],,False,0.0,True,True,0.28601926598757904,0.001615772888833448,True
learned,131007,no_car,False,0,[],,False,0.0,True,True,0.17724759713691454,0.001615772888833446,True
learned,131008,no_car,False,0,[],,False,0.0,True,True,0.24629595999485418,0.0016157728888334516,True
learned,131009,no_car,False,0,[],,False,0.0,True,True,0.23928536987355745,0.001615772888833451,True
learned,131010,no_car,False,0,[],,False,0.0,True,True,0.300430013466677,0.0016157728888334482,True
learned,131011,no_car,False,0,[],,False,0.0,True,True,0.17655610996790197,0.0016157728888334495,True
learned,131012,no_car,False,0,[],,False,0.0,True,True,0.16588616651844496,0.0016157728888334469,True
learned,131013,no_car,False,0,[],,False,0.0,True,True,0.25539804132201394,0.0016157728888334488,True
learned,131014,no_car,False,0,[],,False,0.0,True,True,0.1920307262007033,0.0016157728888334508,True
learned,131015,no_car,False,0,[],,False,0.0,True,True,0.1965937951142958,0.0016157728888334492,True
learned,131016,no_car,False,0,[],,False,0.0,True,True,0.20228707983148175,0.0016157728888334518,True
learned,131017,no_car,False,0,[],,False,0.0,True,True,0.17191698973541453,0.0016157728888334505,True
learned,131018,no_car,False,0,[],,False,0.0,True,True,0.30504597592890653,0.0016157728888334516,True
learned,131019,no_car,False,0,[],,False,0.0,True,True,0.21825506424515684,0.0016157728888334514,True
learned,131020,no_car,False,0,[],,False,0.0,True,True,0.198207691208129,0.0016157728888334516,True
learned,131021,no_car,False,0,[],,False,0.0,True,True,0.20453429481029806,0.0016157728888334516,True
learned,131022,no_car,False,0,[],,False,0.0,True,True,0.24977824611904847,0.0016157728888334482,True
learned,131023,no_car,False,0,[],,False,0.0,True,True,0.29410718226438776,0.0016157728888334492,True
learned,131024,no_car,False,0,[],,False,0.0,True,True,0.22423344158223948,0.0016157728888334469,True
learned,131025,no_car,False,0,[],,False,0.0,True,True,0.21086929133608975,0.0016157728888334518,True
learned,131026,no_car,False,0,[],,False,0.0,True,True,0.24756429248939674,0.0016157728888334512,True
learned,131027,no_car,False,0,[],,False,0.0,True,True,0.2887827358579569,0.0016157728888334495,True
learned,131028,no_car,False,0,[],,False,0.0,True,True,0.15128718617083917,0.0016157728888334516,True
learned,131029,no_car,False,0,[],,False,0.0,True,True,0.2416243121472683,0.0016157728888334514,True
learned,132000,arrive_green,False,0,[],,False,0.0,True,True,0.06406502645219699,0.0016157728888334486,True
learned,132001,arrive_green,False,0,[],,False,0.0,True,True,0.0575856039730599,0.001615772888833451,True
learned,132002,arrive_green,False,0,[],,False,0.0,True,True,0.08425557548359325,0.0016157728888334505,True
learned,132003,arrive_green,False,0,[],,False,0.0,True,True,0.1061006473147574,0.0016157728888334523,True
learned,132004,arrive_green,False,0,[],,False,0.0,True,True,0.0656660934030098,0.0016157728888334505,True
learned,132005,arrive_green,False,0,[],,False,0.0,True,True,0.051999239500466435,0.001615772888833452,True
learned,132006,arrive_green,False,0,[],,False,0.0,True,True,0.09257607766815693,0.0016157728888334512,True
learned,132007,arrive_green,False,0,[],,False,0.0,True,True,0.1300523218703609,0.0016157728888334473,True
learned,132008,arrive_green,False,0,[],,False,0.0,True,True,0.059672841848773375,0.0016157728888334497,True
learned,132009,arrive_green,False,0,[],,False,0.0,True,True,0.11658082763901942,0.0016157728888334484,True
learned,132010,arrive_green,False,0,[],,False,0.0,True,True,0.07011081835776069,0.0016157728888334514,True
learned,132011,arrive_green,False,0,[],,False,0.0,True,True,0.030396288805468973,0.0016157728888334486,True
learned,132012,arrive_green,False,0,[],,False,0.0,True,True,0.08113432731098877,0.0016157728888334492,True
learned,132013,arrive_green,False,0,[],,False,0.0,True,True,0.08966275997930293,0.0016157728888334505,True
learned,132014,arrive_green,False,0,[],,False,0.0,True,True,0.07047217117195506,0.0016157728888334486,True
learned,132015,arrive_green,False,0,[],,False,0.0,True,True,0.13195843690147088,0.0016157728888334508,True
learned,132016,arrive_green,False,0,[],,False,0.0,True,True,0.052120906050397875,0.0016157728888334488,True
learned,132017,arrive_green,False,0,[],,False,0.0,True,True,0.08784090524357209,0.0016157728888334505,True
learned,132018,arrive_green,False,0,[],,False,0.0,True,True,0.10879000315615643,0.0016157728888334462,True
learned,132019,arrive_green,False,0,[],,False,0.0,True,True,0.031735265724152924,0.001615772888833451,True
learned,132020,arrive_green,False,0,[],,False,0.0,True,True,0.07427509001442886,0.0016157728888334486,True
learned,132021,arrive_green,False,0,[],,False,0.0,True,True,0.09132428740264302,0.00161577288883345,True
learned,132022,arrive_green,False,0,[],,False,0.0,True,True,0.06194972220137802,0.0016157728888334505,True
learned,132023,arrive_green,False,0,[],,False,0.0,True,True,0.09605935399412777,0.0016157728888334484,True
learned,132024,arrive_green,False,0,[],,False,0.0,True,True,0.08221560906374609,0.0016157728888334501,True
learned,132025,arrive_green,False,0,[],,False,0.0,True,True,0.088004294534123,0.001615772888833449,True
learned,132026,arrive_green,False,0,[],,False,0.0,True,True,0.060684112987615835,0.0016157728888334486,True
learned,132027,arrive_green,False,0,[],,False,0.0,True,True,0.06272518914687436,0.0016157728888334514,True
learned,132028,arrive_green,False,0,[],,False,0.0,True,True,0.07006702845493008,0.00161577288883345,True
learned,132029,arrive_green,False,0,[],,False,0.0,True,True,0.06791655844626163,0.001615772888833448,True
learned,133000,stays_red,False,0,[],,False,0.0,True,True,0.02774621018115282,0.0016157728888334523,True
learned,133001,stays_red,False,0,[],,False,0.0,True,True,0.006478963020938248,0.001615772888833449,True
learned,133002,stays_red,False,0,[],,False,0.0,True,True,0.022376074150955647,0.0016157728888334486,True
learned,133003,stays_red,False,0,[],,False,0.0,True,True,0.0018077172318271603,0.0016157728888334477,True
learned,133004,stays_red,False,0,[],,False,0.0,True,True,0.024952889924608868,0.0016157728888334484,True
learned,133005,stays_red,False,0,[],,False,0.0,True,True,0.028866545002605982,0.001615772888833449,True
learned,133006,stays_red,False,0,[],,False,0.0,True,True,0.013360009606391691,0.0016157728888334482,True
learned,133007,stays_red,False,0,[],,False,0.0,True,True,0.0,0.0016157728888334501,True
learned,133008,stays_red,False,0,[],,False,0.0,True,True,0.0,0.0016157728888334469,True
learned,133009,stays_red,False,0,[],,False,0.0,True,True,0.027186781471996872,0.0016157728888334523,True
learned,133010,stays_red,False,0,[],,False,0.0,True,True,0.009858271529751028,0.001615772888833449,True
learned,133011,stays_red,False,0,[],,False,0.0,True,True,0.023277491057158515,0.0016157728888334482,True
learned,133012,stays_red,False,0,[],,False,0.0,True,True,0.03255504667042033,0.0016157728888334505,True
learned,133013,stays_red,False,0,[],,False,0.0,True,True,0.029268281909302498,0.001615772888833448,True
learned,133014,stays_red,False,0,[],,False,0.0,True,True,0.0,0.00161577288883345,True
learned,133015,stays_red,False,0,[],,False,0.0,True,True,0.03285192497254499,0.0016157728888334466,True
learned,133016,stays_red,False,0,[],,False,0.0,True,True,0.0,0.0016157728888334495,True
learned,133017,stays_red,False,0,[],,False,0.0,True,True,0.03266140800345018,0.0016157728888334501,True
learned,133018,stays_red,False,0,[],,False,0.0,True,True,0.03432145109669431,0.001615772888833448,True
learned,133019,stays_red,False,0,[],,False,0.0,True,True,0.03283884799960653,0.0016157728888334495,True
learned,133020,stays_red,False,0,[],,False,0.0,True,True,0.007214679934755609,0.0016157728888334501,True
learned,133021,stays_red,False,0,[],,False,0.0,True,True,0.015668676590715868,0.0016157728888334492,True
learned,133022,stays_red,False,0,[],,False,0.0,True,True,0.027597756516073435,0.0016157728888334518,True
learned,133023,stays_red,False,0,[],,False,0.0,True,True,0.026822907375906903,0.0016157728888334503,True
learned,133024,stays_red,False,0,[],,False,0.0,True,True,0.0017505331317812668,0.0016157728888334523,True
learned,133025,stays_red,False,0,[],,False,0.0,True,True,4.912115877649143e-05,0.0016157728888334475,True
learned,133026,stays_red,False,0,[],,False,0.0,True,True,0.029449757131530904,0.0016157728888334488,True
learned,133027,stays_red,False,0,[],,False,0.0,True,True,0.032843909635492684,0.001615772888833452,True
learned,133028,stays_red,False,0,[],,False,0.0,True,True,0.011382603581361169,0.0016157728888334518,True
learned,133029,stays_red,False,0,[],,False,0.0,True,True,0.02732343846137579,0.0016157728888334536,True
learned,134000,car_leaves_on_red,False,0,[],,False,0.0,True,True,0.2669788374307977,0.001615772888833447,True
learned,134001,car_leaves_on_red,False,0,[],,False,0.0,True,True,0.30170710088231145,0.0016157728888334534,True
learned,134002,car_leaves_on_red,False,0,[],,False,0.0,True,True,0.2551316061295737,0.001615772888833448,True
learned,134003,car_leaves_on_red,False,0,[],,False,0.0,True,True,0.21733673464806946,0.0016157728888334484,True
learned,134004,car_leaves_on_red,False,0,[],,False,0.0,True,True,0.19067777997172605,0.0016157728888334488,True
learned,134005,car_leaves_on_red,False,0,[],,False,0.0,True,True,0.2838411440371192,0.0016157728888334486,True
learned,134006,car_leaves_on_red,False,0,[],,False,0.0,True,True,0.19642697123257283,0.00161577288883345,True
learned,134007,car_leaves_on_red,False,0,[],,False,0.0,True,True,0.2656407887679088,0.0016157728888334495,True
learned,134008,car_leaves_on_red,False,0,[],,False,0.0,True,True,0.20331097229849254,0.0016157728888334473,True
learned,134009,car_leaves_on_red,False,0,[],,False,0.0,True,True,0.226563973932875,0.0016157728888334486,True
learned,134010,car_leaves_on_red,False,0,[],,False,0.0,True,True,0.2560016470748345,0.0016157728888334495,True
learned,134011,car_leaves_on_red,False,0,[],,False,0.0,True,True,0.21274947173066872,0.00161577288883345,True
learned,134012,car_leaves_on_red,False,0,[],,False,0.0,True,True,0.19621407120123774,0.0016157728888334484,True
learned,134013,car_leaves_on_red,False,0,[],,False,0.0,True,True,0.19533310575853668,0.0016157728888334503,True
learned,134014,car_leaves_on_red,False,0,[],,False,0.0,True,True,0.32560297527316,0.001615772888833447,True
learned,134015,car_leaves_on_red,False,0,[],,False,0.0,True,True,0.21999658222461443,0.0016157728888334466,True
learned,134016,car_leaves_on_red,False,0,[],,False,0.0,True,True,0.26955584103406555,0.0016157728888334482,True
learned,134017,car_leaves_on_red,False,0,[],,False,0.0,True,True,0.20325466807104928,0.0016157728888334505,True
learned,134018,car_leaves_on_red,False,0,[],,False,0.0,True,True,0.32056261163983013,0.001615772888833452,True
learned,134019,car_leaves_on_red,False,0,[],,False,0.0,True,True,0.1935013764304488,0.0016157728888334497,True
learned,134020,car_leaves_on_red,False,0,[],,False,0.0,True,True,0.24160196773679204,0.0016157728888334508,True
learned,134021,car_leaves_on_red,False,0,[],,False,0.0,True,True,0.2518494776951846,0.001615772888833452,True
learned,134022,car_leaves_on_red,False,0,[],,False,0.0,True,True,0.25998744533055274,0.0016157728888334469,True
learned,134023,car_leaves_on_red,False,0,[],,False,0.0,True,True,0.24073729178638922,0.0016157728888334512,True
learned,134024,car_leaves_on_red,False,0,[],,False,0.0,True,True,0.30295159057976623,0.0016157728888334516,True
learned,134025,car_leaves_on_red,False,0,[],,False,0.0,True,True,0.20756824842309693,0.0016157728888334514,True
learned,134026,car_leaves_on_red,False,0,[],,False,0.0,True,True,0.2119073658909832,0.0016157728888334505,True
learned,134027,car_leaves_on_red,False,0,[],,False,0.0,True,True,0.20209206596799567,0.0016157728888334505,True
learned,134028,car_leaves_on_red,False,0,[],,False,0.0,True,True,0.19602912030143096,0.0016157728888334516,True
learned,134029,car_leaves_on_red,False,0,[],,False,0.0,True,True,0.23296246059962777,0.001615772888833452,True
learned,135000,car_in_other_lane,False,0,[],,False,0.0,True,True,0.20107704880022834,0.0016157728888334497,True
learned,135001,car_in_other_lane,False,0,[],,False,0.0,True,True,0.31656667100983404,0.0016157728888334477,True
learned,135002,car_in_other_lane,False,0,[],,False,0.0,True,True,0.23242441719138635,0.0016157728888334484,True
learned,135003,car_in_other_lane,False,0,[],,False,0.0,True,True,0.2877242221075996,0.0016157728888334508,True
learned,135004,car_in_other_lane,False,0,[],,False,0.0,True,True,0.1538877766728494,0.0016157728888334501,True
learned,135005,car_in_other_lane,False,0,[],,False,0.0,True,True,0.23413419538627647,0.0016157728888334484,True
learned,135006,car_in_other_lane,False,0,[],,False,0.0,True,True,0.1514244110998038,0.0016157728888334523,True
learned,135007,car_in_other_lane,False,0,[],,False,0.0,True,True,0.20236075919087604,0.001615772888833448,True
learned,135008,car_in_other_lane,False,0,[],,False,0.0,True,True,0.31217555548828807,0.0016157728888334492,True
learned,135009,car_in_other_lane,False,0,[],,False,0.0,True,True,0.2606751834723025,0.0016157728888334512,True
learned,135010,car_in_other_lane,False,0,[],,False,0.0,True,True,0.20158653705766316,0.0016157728888334501,True
learned,135011,car_in_other_lane,False,0,[],,False,0.0,True,True,0.15678922187346236,0.0016157728888334477,True
learned,135012,car_in_other_lane,False,0,[],,False,0.0,True,True,0.15437461641574982,0.0016157728888334495,True
learned,135013,car_in_other_lane,False,0,[],,False,0.0,True,True,0.2312936456189175,0.0016157728888334475,True
learned,135014,car_in_other_lane,False,0,[],,False,0.0,True,True,0.2229588049910021,0.0016157728888334508,True
learned,135015,car_in_other_lane,False,0,[],,False,0.0,True,True,0.1721574608168507,0.0016157728888334514,True
learned,135016,car_in_other_lane,False,0,[],,False,0.0,True,True,0.19744094538185,0.001615772888833452,True
learned,135017,car_in_other_lane,False,0,[],,False,0.0,True,True,0.21455433427038711,0.0016157728888334473,True
learned,135018,car_in_other_lane,False,0,[],,False,0.0,True,True,0.23144541575699648,0.0016157728888334469,True
learned,135019,car_in_other_lane,False,0,[],,False,0.0,True,True,0.21832864746623257,0.0016157728888334512,True
learned,135020,car_in_other_lane,False,0,[],,False,0.0,True,True,0.18701460659832683,0.0016157728888334484,True
learned,135021,car_in_other_lane,False,0,[],,False,0.0,True,True,0.15801602411678736,0.0016157728888334503,True
learned,135022,car_in_other_lane,False,0,[],,False,0.0,True,True,0.24975196002208827,0.001615772888833448,True
learned,135023,car_in_other_lane,False,0,[],,False,0.0,True,True,0.3084129537554257,0.0016157728888334484,True
learned,135024,car_in_other_lane,False,0,[],,False,0.0,True,True,0.3157685000413499,0.0016157728888334497,True
learned,135025,car_in_other_lane,False,0,[],,False,0.0,True,True,0.209736959649262,0.0016157728888334475,True
learned,135026,car_in_other_lane,False,0,[],,False,0.0,True,True,0.25796398733093195,0.001615772888833452,True
learned,135027,car_in_other_lane,False,0,[],,False,0.0,True,True,0.27945018503603375,0.0016157728888334514,True
learned,135028,car_in_other_lane,False,0,[],,False,0.0,True,True,0.25823552396418864,0.0016157728888334484,True
learned,135029,car_in_other_lane,False,0,[],,False,0.0,True,True,0.28525781913691517,0.0016157728888334492,True
reset_core,130000,wait_then_green,True,0,[],,False,0.0,False,True,0.3044115426006715,0.0016157728888334484,True
reset_core,130001,wait_then_green,True,0,[],,False,0.0,False,True,0.30814048507535613,0.0016157728888334523,True
reset_core,130002,wait_then_green,True,0,[],,False,0.0,False,True,0.31582514197843425,0.0016157728888334501,True
reset_core,130003,wait_then_green,True,0,[],,False,0.0,False,True,0.30445191316326353,0.0016157728888334508,True
reset_core,130004,wait_then_green,True,0,[],,False,0.0,False,True,0.322325589416183,0.0016157728888334495,True
reset_core,130005,wait_then_green,True,0,[],,False,0.0,False,True,0.2911271930579582,0.001615772888833448,True
reset_core,130006,wait_then_green,True,0,[],,False,0.0,False,True,0.28774618101614596,0.001615772888833447,True
reset_core,130007,wait_then_green,True,0,[],,False,0.0,False,True,0.3037662498033641,0.0016157728888334495,True
reset_core,130008,wait_then_green,True,0,[],,False,0.0,False,True,0.3056127659033234,0.0016157728888334469,True
reset_core,130009,wait_then_green,True,0,[],,False,0.0,False,True,0.31735350207069013,0.0016157728888334512,True
reset_core,130010,wait_then_green,True,0,[],,False,0.0,False,True,0.30618075465517025,0.0016157728888334501,True
reset_core,130011,wait_then_green,True,0,[],,False,0.0,False,True,0.3207253018627876,0.0016157728888334525,True
reset_core,130012,wait_then_green,True,0,[],,False,0.0,False,True,0.32118616153319496,0.0016157728888334451,True
reset_core,130013,wait_then_green,True,0,[],,False,0.0,False,True,0.3119340528725416,0.0016157728888334488,True
reset_core,130014,wait_then_green,True,0,[],,False,0.0,False,True,0.31344039722796885,0.001615772888833444,True
reset_core,130015,wait_then_green,True,0,[],,False,0.0,False,True,0.3056715405479512,0.0016157728888334486,True
reset_core,130016,wait_then_green,True,0,[],,False,0.0,False,True,0.31978942686387396,0.0016157728888334469,True
reset_core,130017,wait_then_green,True,0,[],,False,0.0,False,True,0.3184410957427303,0.0016157728888334469,True
reset_core,130018,wait_then_green,True,0,[],,False,0.0,False,True,0.32096941615361574,0.0016157728888334518,True
reset_core,130019,wait_then_green,True,0,[],,False,0.0,False,True,0.30539772091503253,0.0016157728888334477,True
reset_core,130020,wait_then_green,True,0,[],,False,0.0,False,True,0.3031669170967476,0.0016157728888334473,True
reset_core,130021,wait_then_green,True,0,[],,False,0.0,False,True,0.31421450722645955,0.0016157728888334516,True
reset_core,130022,wait_then_green,True,0,[],,False,0.0,False,True,0.32217908909109094,0.0016157728888334488,True
reset_core,130023,wait_then_green,True,0,[],,False,0.0,False,True,0.31737654131143506,0.001615772888833447,True
reset_core,130024,wait_then_green,True,0,[],,False,0.0,False,True,0.31787212305908946,0.0016157728888334518,True
reset_core,130025,wait_then_green,True,0,[],,False,0.0,False,True,0.302541839593972,0.0016157728888334475,True
reset_core,130026,wait_then_green,True,0,[],,False,0.0,False,True,0.31871886951840145,0.0016157728888334486,True
reset_core,130027,wait_then_green,True,0,[],,False,0.0,False,True,0.3166762465721268,0.0016157728888334512,True
reset_core,130028,wait_then_green,True,0,[],,False,0.0,False,True,0.3121571789629348,0.0016157728888334462,True
reset_core,130029,wait_then_green,True,0,[],,False,0.0,False,True,0.3200282424290925,0.0016157728888334514,True
reset_core,131000,no_car,False,0,[],,False,0.0,True,True,0.024168800325639082,0.0016157728888334477,True
reset_core,131001,no_car,False,0,[],,False,0.0,True,True,0.013774405021495061,0.001615772888833449,True
reset_core,131002,no_car,False,0,[],,False,0.0,True,True,0.0,0.001615772888833451,True
reset_core,131003,no_car,False,0,[],,False,0.0,True,True,0.011455760759545078,0.0016157728888334501,True
reset_core,131004,no_car,False,0,[],,False,0.0,True,True,0.0037341199682964406,0.001615772888833449,True
reset_core,131005,no_car,False,0,[],,False,0.0,True,True,0.018901246401585123,0.0016157728888334466,True
reset_core,131006,no_car,False,0,[],,False,0.0,True,True,0.0022064138610670206,0.00161577288883345,True
reset_core,131007,no_car,False,0,[],,False,0.0,True,True,0.026381152502221134,0.0016157728888334514,True
reset_core,131008,no_car,False,0,[],,False,0.0,True,True,0.01246785716816189,0.0016157728888334473,True
reset_core,131009,no_car,False,0,[],,False,0.0,True,True,0.015659726082607506,0.00161577288883345,True
reset_core,131010,no_car,False,0,[],,False,0.0,True,True,0.0,0.0016157728888334469,True
reset_core,131011,no_car,False,0,[],,False,0.0,True,True,0.026676950186311086,0.001615772888833451,True
reset_core,131012,no_car,False,0,[],,False,0.0,True,True,0.031078172917643063,0.0016157728888334486,True
reset_core,131013,no_car,False,0,[],,False,0.0,True,True,0.008579676707153688,0.001615772888833452,True
reset_core,131014,no_car,False,0,[],,False,0.0,True,True,0.021602574043608578,0.0016157728888334495,True
reset_core,131015,no_car,False,0,[],,False,0.0,True,True,0.02057047271154688,0.0016157728888334486,True
reset_core,131016,no_car,False,0,[],,False,0.0,True,True,0.01867222835439616,0.0016157728888334497,True
reset_core,131017,no_car,False,0,[],,False,0.0,True,True,0.028729804537889134,0.001615772888833449,True
reset_core,131018,no_car,False,0,[],,False,0.0,True,True,0.0011359163293526387,0.0016157728888334473,True
reset_core,131019,no_car,False,0,[],,False,0.0,True,True,0.01897212055470913,0.0016157728888334501,True
reset_core,131020,no_car,False,0,[],,False,0.0,True,True,0.020079423480059685,0.0016157728888334475,True
reset_core,131021,no_car,False,0,[],,False,0.0,True,True,0.017866231417930315,0.0016157728888334512,True
reset_core,131022,no_car,False,0,[],,False,0.0,True,True,0.010968956213212247,0.0016157728888334462,True
reset_core,131023,no_car,False,0,[],,False,0.0,True,True,0.0012194842061074222,0.0016157728888334477,True
reset_core,131024,no_car,False,0,[],,False,0.0,True,True,0.018739255667419207,0.0016157728888334525,True
reset_core,131025,no_car,False,0,[],,False,0.0,True,True,0.017437091796474277,0.0016157728888334512,True
reset_core,131026,no_car,False,0,[],,False,0.0,True,True,0.011920915924077867,0.0016157728888334497,True
reset_core,131027,no_car,False,0,[],,False,0.0,True,True,0.0024095406635264104,0.0016157728888334503,True
reset_core,131028,no_car,False,0,[],,False,0.0,True,True,0.034950983311322015,0.0016157728888334486,True
reset_core,131029,no_car,False,0,[],,False,0.0,True,True,0.014580840644617546,0.0016157728888334512,True
reset_core,132000,arrive_green,False,0,[],,False,0.0,True,True,0.27247134755606933,0.0016157728888334505,True
reset_core,132001,arrive_green,False,0,[],,False,0.0,True,True,0.2637112953380631,0.0016157728888334518,True
reset_core,132002,arrive_green,False,0,[],,False,0.0,True,True,0.2514404742646114,0.0016157728888334492,True
reset_core,132003,arrive_green,False,0,[],,False,0.0,True,True,0.23024613247229433,0.0016157728888334495,True
reset_core,132004,arrive_green,False,0,[],,False,0.0,True,True,0.25912588041180484,0.0016157728888334505,True
reset_core,132005,arrive_green,False,0,[],,False,0.0,True,True,0.2737583210294405,0.0016157728888334482,True
reset_core,132006,arrive_green,False,0,[],,False,0.0,True,True,0.24027557321689696,0.0016157728888334473,True
reset_core,132007,arrive_green,False,0,[],,False,0.0,True,True,0.2363341760551098,0.0016157728888334512,True
reset_core,132008,arrive_green,False,0,[],,False,0.0,True,True,0.2584021765621225,0.001615772888833449,True
reset_core,132009,arrive_green,False,0,[],,False,0.0,True,True,0.2489529027427067,0.0016157728888334492,True
reset_core,132010,arrive_green,False,0,[],,False,0.0,True,True,0.26394505060118223,0.0016157728888334505,True
reset_core,132011,arrive_green,False,0,[],,False,0.0,True,True,0.24648688909541935,0.0016157728888334503,True
reset_core,132012,arrive_green,False,0,[],,False,0.0,True,True,0.25938978074245944,0.0016157728888334492,True
reset_core,132013,arrive_green,False,0,[],,False,0.0,True,True,0.24901230334559094,0.0016157728888334514,True
reset_core,132014,arrive_green,False,0,[],,False,0.0,True,True,0.2504422987430537,0.0016157728888334505,True
reset_core,132015,arrive_green,False,0,[],,False,0.0,True,True,0.24513910067753197,0.0016157728888334488,True
reset_core,132016,arrive_green,False,0,[],,False,0.0,True,True,0.27091280081527447,0.0016157728888334495,True
reset_core,132017,arrive_green,False,0,[],,False,0.0,True,True,0.2612544830401668,0.0016157728888334488,True
reset_core,132018,arrive_green,False,0,[],,False,0.0,True,True,0.2532452464417959,0.0016157728888334501,True
reset_core,132019,arrive_green,False,0,[],,False,0.0,True,True,0.24393276859678445,0.0016157728888334501,True
reset_core,132020,arrive_green,False,0,[],,False,0.0,True,True,0.2585231082451249,0.0016157728888334516,True
reset_core,132021,arrive_green,False,0,[],,False,0.0,True,True,0.23519666453957866,0.0016157728888334512,True
reset_core,132022,arrive_green,False,0,[],,False,0.0,True,True,0.2509155196158399,0.0016157728888334486,True
reset_core,132023,arrive_green,False,0,[],,False,0.0,True,True,0.25484888222413643,0.00161577288883345,True
reset_core,132024,arrive_green,False,0,[],,False,0.0,True,True,0.26268629464529275,0.0016157728888334516,True
reset_core,132025,arrive_green,False,0,[],,False,0.0,True,True,0.2446450004765047,0.0016157728888334505,True
reset_core,132026,arrive_green,False,0,[],,False,0.0,True,True,0.26401590058852387,0.0016157728888334486,True
reset_core,132027,arrive_green,False,0,[],,False,0.0,True,True,0.2450085322323901,0.001615772888833449,True
reset_core,132028,arrive_green,False,0,[],,False,0.0,True,True,0.2613384713021639,0.0016157728888334508,True
reset_core,132029,arrive_green,False,0,[],,False,0.0,True,True,0.2549414865313849,0.0016157728888334475,True
reset_core,133000,stays_red,False,0,[],,False,0.0,True,True,0.13935174090175823,0.0016157728888334518,True
reset_core,133001,stays_red,False,0,[],,False,0.0,True,True,0.12017501408076216,0.0016157728888334486,True
reset_core,133002,stays_red,False,0,[],,False,0.0,True,True,0.14024230165539062,0.0016157728888334456,True
reset_core,133003,stays_red,False,0,[],,False,0.0,True,True,0.11787191673243232,0.0016157728888334497,True
reset_core,133004,stays_red,False,0,[],,False,0.0,True,True,0.13967350315687738,0.0016157728888334527,True
reset_core,133005,stays_red,False,0,[],,False,0.0,True,True,0.1293640356914588,0.001615772888833447,True
reset_core,133006,stays_red,False,0,[],,False,0.0,True,True,0.12045859167600607,0.0016157728888334501,True
reset_core,133007,stays_red,False,0,[],,False,0.0,True,True,0.11876485867374638,0.0016157728888334443,True
reset_core,133008,stays_red,False,0,[],,False,0.0,True,True,0.120262669496068,0.00161577288883345,True
reset_core,133009,stays_red,False,0,[],,False,0.0,True,True,0.1337301362043693,0.0016157728888334456,True
reset_core,133010,stays_red,False,0,[],,False,0.0,True,True,0.12073190646571343,0.00161577288883345,True
reset_core,133011,stays_red,False,0,[],,False,0.0,True,True,0.13670393444820134,0.0016157728888334527,True
reset_core,133012,stays_red,False,0,[],,False,0.0,True,True,0.12500293464360948,0.0016157728888334514,True
reset_core,133013,stays_red,False,0,[],,False,0.0,True,True,0.14317200529639612,0.0016157728888334505,True
reset_core,133014,stays_red,False,0,[],,False,0.0,True,True,0.11974451147979424,0.0016157728888334514,True
reset_core,133015,stays_red,False,0,[],,False,0.0,True,True,0.12605328499087348,0.0016157728888334523,True
reset_core,133016,stays_red,False,0,[],,False,0.0,True,True,0.1215498140426013,0.0016157728888334466,True
reset_core,133017,stays_red,False,0,[],,False,0.0,True,True,0.13150849169682569,0.0016157728888334512,True
reset_core,133018,stays_red,False,0,[],,False,0.0,True,True,0.128971606394093,0.0016157728888334518,True
reset_core,133019,stays_red,False,0,[],,False,0.0,True,True,0.1316069902453717,0.0016157728888334464,True
reset_core,133020,stays_red,False,0,[],,False,0.0,True,True,0.13235476561007137,0.00161577288883345,True
reset_core,133021,stays_red,False,0,[],,False,0.0,True,True,0.12693481372440973,0.0016157728888334482,True
reset_core,133022,stays_red,False,0,[],,False,0.0,True,True,0.13429069715178293,0.0016157728888334512,True
reset_core,133023,stays_red,False,0,[],,False,0.0,True,True,0.1346131832841542,0.0016157728888334482,True
reset_core,133024,stays_red,False,0,[],,False,0.0,True,True,0.12167866543998687,0.0016157728888334488,True
reset_core,133025,stays_red,False,0,[],,False,0.0,True,True,0.12027536295418045,0.0016157728888334462,True
reset_core,133026,stays_red,False,0,[],,False,0.0,True,True,0.127467472503474,0.0016157728888334484,True
reset_core,133027,stays_red,False,0,[],,False,0.0,True,True,0.1314569923246336,0.0016157728888334523,True
reset_core,133028,stays_red,False,0,[],,False,0.0,True,True,0.12287024768083601,0.0016157728888334445,True
reset_core,133029,stays_red,False,0,[],,False,0.0,True,True,0.14488468477913846,0.0016157728888334477,True
reset_core,134000,car_leaves_on_red,False,0,[],,False,0.0,True,True,0.16738846342253427,0.0016157728888334508,True
reset_core,134001,car_leaves_on_red,False,0,[],,False,0.0,True,True,0.14104796102573178,0.0016157728888334523,True
reset_core,134002,car_leaves_on_red,False,0,[],,False,0.0,True,True,0.17452664578509422,0.0016157728888334505,True
reset_core,134003,car_leaves_on_red,False,0,[],,False,0.0,True,True,0.19157924477236896,0.00161577288883345,True
reset_core,134004,car_leaves_on_red,False,0,[],,False,0.0,True,True,0.20487814380253444,0.0016157728888334475,True
reset_core,134005,car_leaves_on_red,False,0,[],,False,0.0,True,True,0.1533164704684546,0.001615772888833452,True
reset_core,134006,car_leaves_on_red,False,0,[],,False,0.0,True,True,0.20062983252046535,0.0016157728888334482,True
reset_core,134007,car_leaves_on_red,False,0,[],,False,0.0,True,True,0.17012225989750124,0.0016157728888334488,True
reset_core,134008,car_leaves_on_red,False,0,[],,False,0.0,True,True,0.20052820617600842,0.0016157728888334518,True
reset_core,134009,car_leaves_on_red,False,0,[],,False,0.0,True,True,0.19308913871158273,0.0016157728888334501,True
reset_core,134010,car_leaves_on_red,False,0,[],,False,0.0,True,True,0.17531210508352973,0.0016157728888334503,True
reset_core,134011,car_leaves_on_red,False,0,[],,False,0.0,True,True,0.19424716975125506,0.0016157728888334497,True
reset_core,134012,car_leaves_on_red,False,0,[],,False,0.0,True,True,0.2017928516748805,0.001615772888833448,True
reset_core,134013,car_leaves_on_red,False,0,[],,False,0.0,True,True,0.19747895084921022,0.0016157728888334447,True
reset_core,134014,car_leaves_on_red,False,0,[],,False,0.0,True,True,0.13274524221442474,0.001615772888833454,True
reset_core,134015,car_leaves_on_red,False,0,[],,False,0.0,True,True,0.19965327931969182,0.001615772888833452,True
reset_core,134016,car_leaves_on_red,False,0,[],,False,0.0,True,True,0.16458022059914967,0.0016157728888334486,True
reset_core,134017,car_leaves_on_red,False,0,[],,False,0.0,True,True,0.19889398332455133,0.00161577288883345,True
reset_core,134018,car_leaves_on_red,False,0,[],,False,0.0,True,True,0.13004745920845562,0.0016157728888334503,True
reset_core,134019,car_leaves_on_red,False,0,[],,False,0.0,True,True,0.20962388300057555,0.0016157728888334518,True
reset_core,134020,car_leaves_on_red,False,0,[],,False,0.0,True,True,0.18545342235239964,0.001615772888833447,True
reset_core,134021,car_leaves_on_red,False,0,[],,False,0.0,True,True,0.17978667265053486,0.0016157728888334538,True
reset_core,134022,car_leaves_on_red,False,0,[],,False,0.0,True,True,0.17339407265196702,0.0016157728888334505,True
reset_core,134023,car_leaves_on_red,False,0,[],,False,0.0,True,True,0.18735362239720268,0.0016157728888334477,True
reset_core,134024,car_leaves_on_red,False,0,[],,False,0.0,True,True,0.1354156158265199,0.0016157728888334525,True
reset_core,134025,car_leaves_on_red,False,0,[],,False,0.0,True,True,0.20246608501179028,0.0016157728888334453,True
reset_core,134026,car_leaves_on_red,False,0,[],,False,0.0,True,True,0.19722883949611186,0.0016157728888334497,True
reset_core,134027,car_leaves_on_red,False,0,[],,False,0.0,True,True,0.2024427516132267,0.0016157728888334462,True
reset_core,134028,car_leaves_on_red,False,0,[],,False,0.0,True,True,0.21005758805140376,0.0016157728888334492,True
reset_core,134029,car_leaves_on_red,False,0,[],,False,0.0,True,True,0.18971284093134977,0.0016157728888334486,True
reset_core,135000,car_in_other_lane,False,0,[],,False,0.0,True,True,0.019099189150710825,0.0016157728888334497,True
reset_core,135001,car_in_other_lane,False,0,[],,False,0.0,True,True,0.006820784857555442,0.001615772888833447,True
reset_core,135002,car_in_other_lane,False,0,[],,False,0.0,True,True,0.018341846931621653,0.0016157728888334495,True
reset_core,135003,car_in_other_lane,False,0,[],,False,0.0,True,True,0.0016433662271143712,0.0016157728888334512,True
reset_core,135004,car_in_other_lane,False,0,[],,False,0.0,True,True,0.03418617355652509,0.0016157728888334534,True
reset_core,135005,car_in_other_lane,False,0,[],,False,0.0,True,True,0.018021273800027465,0.001615772888833447,True
reset_core,135006,car_in_other_lane,False,0,[],,False,0.0,True,True,0.03490906796497689,0.0016157728888334488,True
reset_core,135007,car_in_other_lane,False,0,[],,False,0.0,True,True,0.018652611853815858,0.0016157728888334458,True
reset_core,135008,car_in_other_lane,False,0,[],,False,0.0,True,True,0.0046669263089169286,0.00161577288883345,True
reset_core,135009,car_in_other_lane,False,0,[],,False,0.0,True,True,0.006580083898372404,0.001615772888833448,True
reset_core,135010,car_in_other_lane,False,0,[],,False,0.0,True,True,0.018929304869605094,0.0016157728888334492,True
reset_core,135011,car_in_other_lane,False,0,[],,False,0.0,True,True,0.033411175505069654,0.0016157728888334495,True
reset_core,135012,car_in_other_lane,False,0,[],,False,0.0,True,True,0.034050381414663336,0.0016157728888334492,True
reset_core,135013,car_in_other_lane,False,0,[],,False,0.0,True,True,0.018497406041810292,0.0016157728888334514,True
reset_core,135014,car_in_other_lane,False,0,[],,False,0.0,True,True,0.018764414662231624,0.0016157728888334523,True
reset_core,135015,car_in_other_lane,False,0,[],,False,0.0,True,True,0.028634093621004362,0.0016157728888334482,True
reset_core,135016,car_in_other_lane,False,0,[],,False,0.0,True,True,0.020328092090941784,0.0016157728888334464,True
reset_core,135017,car_in_other_lane,False,0,[],,False,0.0,True,True,0.018506691367447602,0.001615772888833451,True
reset_core,135018,car_in_other_lane,False,0,[],,False,0.0,True,True,0.018487528277327147,0.0016157728888334482,True
reset_core,135019,car_in_other_lane,False,0,[],,False,0.0,True,True,0.018967543233974978,0.001615772888833451,True
reset_core,135020,car_in_other_lane,False,0,[],,False,0.0,True,True,0.02283045455010723,0.0016157728888334482,True
reset_core,135021,car_in_other_lane,False,0,[],,False,0.0,True,True,0.03310942085290352,0.0016157728888334512,True
reset_core,135022,car_in_other_lane,False,0,[],,False,0.0,True,True,0.010981613564869805,0.0016157728888334477,True
reset_core,135023,car_in_other_lane,False,0,[],,False,0.0,True,True,0.002806702374752633,0.0016157728888334477,True
reset_core,135024,car_in_other_lane,False,0,[],,False,0.0,True,True,0.006430662876354655,0.0016157728888334464,True
reset_core,135025,car_in_other_lane,False,0,[],,False,0.0,True,True,0.017458522749763526,0.0016157728888334492,True
reset_core,135026,car_in_other_lane,False,0,[],,False,0.0,True,True,0.007431326399928227,0.00161577288883345,True
reset_core,135027,car_in_other_lane,False,0,[],,False,0.0,True,True,0.004140503594766538,0.0016157728888334503,True
reset_core,135028,car_in_other_lane,False,0,[],,False,0.0,True,True,0.007305756159756398,0.0016157728888334464,True
reset_core,135029,car_in_other_lane,False,0,[],,False,0.0,True,True,0.0024076300704111995,0.0016157728888334514,True
disconnected,130000,wait_then_green,True,0,[],,False,0.0,False,False,0.0,4.131530976178436e-05,True
disconnected,130001,wait_then_green,True,0,[],,False,0.0,False,False,0.0,4.131530976178436e-05,True
disconnected,130002,wait_then_green,True,0,[],,False,0.0,False,False,0.0,4.131530976178436e-05,True
disconnected,130003,wait_then_green,True,0,[],,False,0.0,False,False,0.0,4.131530976178436e-05,True
disconnected,130004,wait_then_green,True,0,[],,False,0.0,False,False,0.0,4.131530976178436e-05,True
disconnected,130005,wait_then_green,True,0,[],,False,0.0,False,False,0.0,4.131530976178436e-05,True
disconnected,130006,wait_then_green,True,0,[],,False,0.0,False,False,0.0,4.131530976178436e-05,True
disconnected,130007,wait_then_green,True,0,[],,False,0.0,False,False,0.0,4.131530976178436e-05,True
disconnected,130008,wait_then_green,True,0,[],,False,0.0,False,False,0.0,4.131530976178436e-05,True
disconnected,130009,wait_then_green,True,0,[],,False,0.0,False,False,0.0,4.131530976178436e-05,True
disconnected,130010,wait_then_green,True,0,[],,False,0.0,False,False,0.0,4.131530976178436e-05,True
disconnected,130011,wait_then_green,True,0,[],,False,0.0,False,False,0.0,4.131530976178436e-05,True
disconnected,130012,wait_then_green,True,0,[],,False,0.0,False,False,0.0,4.131530976178436e-05,True
disconnected,130013,wait_then_green,True,0,[],,False,0.0,False,False,0.0,4.131530976178436e-05,True
disconnected,130014,wait_then_green,True,0,[],,False,0.0,False,False,0.0,4.131530976178436e-05,True
disconnected,130015,wait_then_green,True,0,[],,False,0.0,False,False,0.0,4.131530976178436e-05,True
disconnected,130016,wait_then_green,True,0,[],,False,0.0,False,False,0.0,4.131530976178436e-05,True
disconnected,130017,wait_then_green,True,0,[],,False,0.0,False,False,0.0,4.131530976178436e-05,True
disconnected,130018,wait_then_green,True,0,[],,False,0.0,False,False,0.0,4.131530976178436e-05,True
disconnected,130019,wait_then_green,True,0,[],,False,0.0,False,False,0.0,4.131530976178436e-05,True
disconnected,130020,wait_then_green,True,0,[],,False,0.0,False,False,0.0,4.131530976178436e-05,True
disconnected,130021,wait_then_green,True,0,[],,False,0.0,False,False,0.0,4.131530976178436e-05,True
disconnected,130022,wait_then_green,True,0,[],,False,0.0,False,False,0.0,4.131530976178436e-05,True
disconnected,130023,wait_then_green,True,0,[],,False,0.0,False,False,0.0,4.131530976178436e-05,True
disconnected,130024,wait_then_green,True,0,[],,False,0.0,False,False,0.0,4.131530976178436e-05,True
disconnected,130025,wait_then_green,True,0,[],,False,0.0,False,False,0.0,4.131530976178436e-05,True
disconnected,130026,wait_then_green,True,0,[],,False,0.0,False,False,0.0,4.131530976178436e-05,True
disconnected,130027,wait_then_green,True,0,[],,False,0.0,False,False,0.0,4.131530976178436e-05,True
disconnected,130028,wait_then_green,True,0,[],,False,0.0,False,False,0.0,4.131530976178436e-05,True
disconnected,130029,wait_then_green,True,0,[],,False,0.0,False,False,0.0,4.131530976178436e-05,True
disconnected,131000,no_car,False,0,[],,False,0.0,True,False,0.0,4.131530976178436e-05,True
disconnected,131001,no_car,False,0,[],,False,0.0,True,False,0.0,4.131530976178436e-05,True
disconnected,131002,no_car,False,0,[],,False,0.0,True,False,0.0,4.131530976178436e-05,True
disconnected,131003,no_car,False,0,[],,False,0.0,True,False,0.0,4.131530976178436e-05,True
disconnected,131004,no_car,False,0,[],,False,0.0,True,False,0.0,4.131530976178436e-05,True
disconnected,131005,no_car,False,0,[],,False,0.0,True,False,0.0,4.131530976178436e-05,True
disconnected,131006,no_car,False,0,[],,False,0.0,True,False,0.0,4.131530976178436e-05,True
disconnected,131007,no_car,False,0,[],,False,0.0,True,False,0.0,4.131530976178436e-05,True
disconnected,131008,no_car,False,0,[],,False,0.0,True,False,0.0,4.131530976178436e-05,True
disconnected,131009,no_car,False,0,[],,False,0.0,True,False,0.0,4.131530976178436e-05,True
disconnected,131010,no_car,False,0,[],,False,0.0,True,False,0.0,4.131530976178436e-05,True
disconnected,131011,no_car,False,0,[],,False,0.0,True,False,0.0,4.131530976178436e-05,True
disconnected,131012,no_car,False,0,[],,False,0.0,True,False,0.0,4.131530976178436e-05,True
disconnected,131013,no_car,False,0,[],,False,0.0,True,False,0.0,4.131530976178436e-05,True
disconnected,131014,no_car,False,0,[],,False,0.0,True,False,0.0,4.131530976178436e-05,True
disconnected,131015,no_car,False,0,[],,False,0.0,True,False,0.0,4.131530976178436e-05,True
disconnected,131016,no_car,False,0,[],,False,0.0,True,False,0.0,4.131530976178436e-05,True
disconnected,131017,no_car,False,0,[],,False,0.0,True,False,0.0,4.131530976178436e-05,True
disconnected,131018,no_car,False,0,[],,False,0.0,True,False,0.0,4.131530976178436e-05,True
disconnected,131019,no_car,False,0,[],,False,0.0,True,False,0.0,4.131530976178436e-05,True
disconnected,131020,no_car,False,0,[],,False,0.0,True,False,0.0,4.131530976178436e-05,True
disconnected,131021,no_car,False,0,[],,False,0.0,True,False,0.0,4.131530976178436e-05,True
disconnected,131022,no_car,False,0,[],,False,0.0,True,False,0.0,4.131530976178436e-05,True
disconnected,131023,no_car,False,0,[],,False,0.0,True,False,0.0,4.131530976178436e-05,True
disconnected,131024,no_car,False,0,[],,False,0.0,True,False,0.0,4.131530976178436e-05,True
disconnected,131025,no_car,False,0,[],,False,0.0,True,False,0.0,4.131530976178436e-05,True
disconnected,131026,no_car,False,0,[],,False,0.0,True,False,0.0,4.131530976178436e-05,True
disconnected,131027,no_car,False,0,[],,False,0.0,True,False,0.0,4.131530976178436e-05,True
disconnected,131028,no_car,False,0,[],,False,0.0,True,False,0.0,4.131530976178436e-05,True
disconnected,131029,no_car,False,0,[],,False,0.0,True,False,0.0,4.131530976178436e-05,True
disconnected,132000,arrive_green,False,0,[],,False,0.0,True,False,0.0,4.131530976178436e-05,True
disconnected,132001,arrive_green,False,0,[],,False,0.0,True,False,0.0,4.131530976178436e-05,True
disconnected,132002,arrive_green,False,0,[],,False,0.0,True,False,0.0,4.131530976178436e-05,True
disconnected,132003,arrive_green,False,0,[],,False,0.0,True,False,0.0,4.131530976178436e-05,True
disconnected,132004,arrive_green,False,0,[],,False,0.0,True,False,0.0,4.131530976178436e-05,True
disconnected,132005,arrive_green,False,0,[],,False,0.0,True,False,0.0,4.131530976178436e-05,True
disconnected,132006,arrive_green,False,0,[],,False,0.0,True,False,0.0,4.131530976178436e-05,True
disconnected,132007,arrive_green,False,0,[],,False,0.0,True,False,0.0,4.131530976178436e-05,True
disconnected,132008,arrive_green,False,0,[],,False,0.0,True,False,0.0,4.131530976178436e-05,True
disconnected,132009,arrive_green,False,0,[],,False,0.0,True,False,0.0,4.131530976178436e-05,True
disconnected,132010,arrive_green,False,0,[],,False,0.0,True,False,0.0,4.131530976178436e-05,True
disconnected,132011,arrive_green,False,0,[],,False,0.0,True,False,0.0,4.131530976178436e-05,True
disconnected,132012,arrive_green,False,0,[],,False,0.0,True,False,0.0,4.131530976178436e-05,True
disconnected,132013,arrive_green,False,0,[],,False,0.0,True,False,0.0,4.131530976178436e-05,True
disconnected,132014,arrive_green,False,0,[],,False,0.0,True,False,0.0,4.131530976178436e-05,True
disconnected,132015,arrive_green,False,0,[],,False,0.0,True,False,0.0,4.131530976178436e-05,True
disconnected,132016,arrive_green,False,0,[],,False,0.0,True,False,0.0,4.131530976178436e-05,True
disconnected,132017,arrive_green,False,0,[],,False,0.0,True,False,0.0,4.131530976178436e-05,True
disconnected,132018,arrive_green,False,0,[],,False,0.0,True,False,0.0,4.131530976178436e-05,True
disconnected,132019,arrive_green,False,0,[],,False,0.0,True,False,0.0,4.131530976178436e-05,True
disconnected,132020,arrive_green,False,0,[],,False,0.0,True,False,0.0,4.131530976178436e-05,True
disconnected,132021,arrive_green,False,0,[],,False,0.0,True,False,0.0,4.131530976178436e-05,True
disconnected,132022,arrive_green,False,0,[],,False,0.0,True,False,0.0,4.131530976178436e-05,True
disconnected,132023,arrive_green,False,0,[],,False,0.0,True,False,0.0,4.131530976178436e-05,True
disconnected,132024,arrive_green,False,0,[],,False,0.0,True,False,0.0,4.131530976178436e-05,True
disconnected,132025,arrive_green,False,0,[],,False,0.0,True,False,0.0,4.131530976178436e-05,True
disconnected,132026,arrive_green,False,0,[],,False,0.0,True,False,0.0,4.131530976178436e-05,True
disconnected,132027,arrive_green,False,0,[],,False,0.0,True,False,0.0,4.131530976178436e-05,True
disconnected,132028,arrive_green,False,0,[],,False,0.0,True,False,0.0,4.131530976178436e-05,True
disconnected,132029,arrive_green,False,0,[],,False,0.0,True,False,0.0,4.131530976178436e-05,True
disconnected,133000,stays_red,False,0,[],,False,0.0,True,False,0.0,4.131530976178436e-05,True
disconnected,133001,stays_red,False,0,[],,False,0.0,True,False,0.0,4.131530976178436e-05,True
disconnected,133002,stays_red,False,0,[],,False,0.0,True,False,0.0,4.131530976178436e-05,True
disconnected,133003,stays_red,False,0,[],,False,0.0,True,False,0.0,4.131530976178436e-05,True
disconnected,133004,stays_red,False,0,[],,False,0.0,True,False,0.0,4.131530976178436e-05,True
disconnected,133005,stays_red,False,0,[],,False,0.0,True,False,0.0,4.131530976178436e-05,True
disconnected,133006,stays_red,False,0,[],,False,0.0,True,False,0.0,4.131530976178436e-05,True
disconnected,133007,stays_red,False,0,[],,False,0.0,True,False,0.0,4.131530976178436e-05,True
disconnected,133008,stays_red,False,0,[],,False,0.0,True,False,0.0,4.131530976178436e-05,True
disconnected,133009,stays_red,False,0,[],,False,0.0,True,False,0.0,4.131530976178436e-05,True
disconnected,133010,stays_red,False,0,[],,False,0.0,True,False,0.0,4.131530976178436e-05,True
disconnected,133011,stays_red,False,0,[],,False,0.0,True,False,0.0,4.131530976178436e-05,True
disconnected,133012,stays_red,False,0,[],,False,0.0,True,False,0.0,4.131530976178436e-05,True
disconnected,133013,stays_red,False,0,[],,False,0.0,True,False,0.0,4.131530976178436e-05,True
disconnected,133014,stays_red,False,0,[],,False,0.0,True,False,0.0,4.131530976178436e-05,True
disconnected,133015,stays_red,False,0,[],,False,0.0,True,False,0.0,4.131530976178436e-05,True
disconnected,133016,stays_red,False,0,[],,False,0.0,True,False,0.0,4.131530976178436e-05,True
disconnected,133017,stays_red,False,0,[],,False,0.0,True,False,0.0,4.131530976178436e-05,True
disconnected,133018,stays_red,False,0,[],,False,0.0,True,False,0.0,4.131530976178436e-05,True
disconnected,133019,stays_red,False,0,[],,False,0.0,True,False,0.0,4.131530976178436e-05,True
disconnected,133020,stays_red,False,0,[],,False,0.0,True,False,0.0,4.131530976178436e-05,True
disconnected,133021,stays_red,False,0,[],,False,0.0,True,False,0.0,4.131530976178436e-05,True
disconnected,133022,stays_red,False,0,[],,False,0.0,True,False,0.0,4.131530976178436e-05,True
disconnected,133023,stays_red,False,0,[],,False,0.0,True,False,0.0,4.131530976178436e-05,True
disconnected,133024,stays_red,False,0,[],,False,0.0,True,False,0.0,4.131530976178436e-05,True
disconnected,133025,stays_red,False,0,[],,False,0.0,True,False,0.0,4.131530976178436e-05,True
disconnected,133026,stays_red,False,0,[],,False,0.0,True,False,0.0,4.131530976178436e-05,True
disconnected,133027,stays_red,False,0,[],,False,0.0,True,False,0.0,4.131530976178436e-05,True
disconnected,133028,stays_red,False,0,[],,False,0.0,True,False,0.0,4.131530976178436e-05,True
disconnected,133029,stays_red,False,0,[],,False,0.0,True,False,0.0,4.131530976178436e-05,True
disconnected,134000,car_leaves_on_red,False,0,[],,False,0.0,True,False,0.0,4.131530976178436e-05,True
disconnected,134001,car_leaves_on_red,False,0,[],,False,0.0,True,False,0.0,4.131530976178436e-05,True
disconnected,134002,car_leaves_on_red,False,0,[],,False,0.0,True,False,0.0,4.131530976178436e-05,True
disconnected,134003,car_leaves_on_red,False,0,[],,False,0.0,True,False,0.0,4.131530976178436e-05,True
disconnected,134004,car_leaves_on_red,False,0,[],,False,0.0,True,False,0.0,4.131530976178436e-05,True
disconnected,134005,car_leaves_on_red,False,0,[],,False,0.0,True,False,0.0,4.131530976178436e-05,True
disconnected,134006,car_leaves_on_red,False,0,[],,False,0.0,True,False,0.0,4.131530976178436e-05,True
disconnected,134007,car_leaves_on_red,False,0,[],,False,0.0,True,False,0.0,4.131530976178436e-05,True
disconnected,134008,car_leaves_on_red,False,0,[],,False,0.0,True,False,0.0,4.131530976178436e-05,True
disconnected,134009,car_leaves_on_red,False,0,[],,False,0.0,True,False,0.0,4.131530976178436e-05,True
disconnected,134010,car_leaves_on_red,False,0,[],,False,0.0,True,False,0.0,4.131530976178436e-05,True
disconnected,134011,car_leaves_on_red,False,0,[],,False,0.0,True,False,0.0,4.131530976178436e-05,True
disconnected,134012,car_leaves_on_red,False,0,[],,False,0.0,True,False,0.0,4.131530976178436e-05,True
disconnected,134013,car_leaves_on_red,False,0,[],,False,0.0,True,False,0.0,4.131530976178436e-05,True
disconnected,134014,car_leaves_on_red,False,0,[],,False,0.0,True,False,0.0,4.131530976178436e-05,True
disconnected,134015,car_leaves_on_red,False,0,[],,False,0.0,True,False,0.0,4.131530976178436e-05,True
disconnected,134016,car_leaves_on_red,False,0,[],,False,0.0,True,False,0.0,4.131530976178436e-05,True
disconnected,134017,car_leaves_on_red,False,0,[],,False,0.0,True,False,0.0,4.131530976178436e-05,True
disconnected,134018,car_leaves_on_red,False,0,[],,False,0.0,True,False,0.0,4.131530976178436e-05,True
disconnected,134019,car_leaves_on_red,False,0,[],,False,0.0,True,False,0.0,4.131530976178436e-05,True
disconnected,134020,car_leaves_on_red,False,0,[],,False,0.0,True,False,0.0,4.131530976178436e-05,True
disconnected,134021,car_leaves_on_red,False,0,[],,False,0.0,True,False,0.0,4.131530976178436e-05,True
disconnected,134022,car_leaves_on_red,False,0,[],,False,0.0,True,False,0.0,4.131530976178436e-05,True
disconnected,134023,car_leaves_on_red,False,0,[],,False,0.0,True,False,0.0,4.131530976178436e-05,True
disconnected,134024,car_leaves_on_red,False,0,[],,False,0.0,True,False,0.0,4.131530976178436e-05,True
disconnected,134025,car_leaves_on_red,False,0,[],,False,0.0,True,False,0.0,4.131530976178436e-05,True
disconnected,134026,car_leaves_on_red,False,0,[],,False,0.0,True,False,0.0,4.131530976178436e-05,True
disconnected,134027,car_leaves_on_red,False,0,[],,False,0.0,True,False,0.0,4.131530976178436e-05,True
disconnected,134028,car_leaves_on_red,False,0,[],,False,0.0,True,False,0.0,4.131530976178436e-05,True
disconnected,134029,car_leaves_on_red,False,0,[],,False,0.0,True,False,0.0,4.131530976178436e-05,True
disconnected,135000,car_in_other_lane,False,0,[],,False,0.0,True,False,0.0,4.131530976178436e-05,True
disconnected,135001,car_in_other_lane,False,0,[],,False,0.0,True,False,0.0,4.131530976178436e-05,True
disconnected,135002,car_in_other_lane,False,0,[],,False,0.0,True,False,0.0,4.131530976178436e-05,True
disconnected,135003,car_in_other_lane,False,0,[],,False,0.0,True,False,0.0,4.131530976178436e-05,True
disconnected,135004,car_in_other_lane,False,0,[],,False,0.0,True,False,0.0,4.131530976178436e-05,True
disconnected,135005,car_in_other_lane,False,0,[],,False,0.0,True,False,0.0,4.131530976178436e-05,True
disconnected,135006,car_in_other_lane,False,0,[],,False,0.0,True,False,0.0,4.131530976178436e-05,True
disconnected,135007,car_in_other_lane,False,0,[],,False,0.0,True,False,0.0,4.131530976178436e-05,True
disconnected,135008,car_in_other_lane,False,0,[],,False,0.0,True,False,0.0,4.131530976178436e-05,True
disconnected,135009,car_in_other_lane,False,0,[],,False,0.0,True,False,0.0,4.131530976178436e-05,True
disconnected,135010,car_in_other_lane,False,0,[],,False,0.0,True,False,0.0,4.131530976178436e-05,True
disconnected,135011,car_in_other_lane,False,0,[],,False,0.0,True,False,0.0,4.131530976178436e-05,True
disconnected,135012,car_in_other_lane,False,0,[],,False,0.0,True,False,0.0,4.131530976178436e-05,True
disconnected,135013,car_in_other_lane,False,0,[],,False,0.0,True,False,0.0,4.131530976178436e-05,True
disconnected,135014,car_in_other_lane,False,0,[],,False,0.0,True,False,0.0,4.131530976178436e-05,True
disconnected,135015,car_in_other_lane,False,0,[],,False,0.0,True,False,0.0,4.131530976178436e-05,True
disconnected,135016,car_in_other_lane,False,0,[],,False,0.0,True,False,0.0,4.131530976178436e-05,True
disconnected,135017,car_in_other_lane,False,0,[],,False,0.0,True,False,0.0,4.131530976178436e-05,True
disconnected,135018,car_in_other_lane,False,0,[],,False,0.0,True,False,0.0,4.131530976178436e-05,True
disconnected,135019,car_in_other_lane,False,0,[],,False,0.0,True,False,0.0,4.131530976178436e-05,True
disconnected,135020,car_in_other_lane,False,0,[],,False,0.0,True,False,0.0,4.131530976178436e-05,True
disconnected,135021,car_in_other_lane,False,0,[],,False,0.0,True,False,0.0,4.131530976178436e-05,True
disconnected,135022,car_in_other_lane,False,0,[],,False,0.0,True,False,0.0,4.131530976178436e-05,True
disconnected,135023,car_in_other_lane,False,0,[],,False,0.0,True,False,0.0,4.131530976178436e-05,True
disconnected,135024,car_in_other_lane,False,0,[],,False,0.0,True,False,0.0,4.131530976178436e-05,True
disconnected,135025,car_in_other_lane,False,0,[],,False,0.0,True,False,0.0,4.131530976178436e-05,True
disconnected,135026,car_in_other_lane,False,0,[],,False,0.0,True,False,0.0,4.131530976178436e-05,True
disconnected,135027,car_in_other_lane,False,0,[],,False,0.0,True,False,0.0,4.131530976178436e-05,True
disconnected,135028,car_in_other_lane,False,0,[],,False,0.0,True,False,0.0,4.131530976178436e-05,True
disconnected,135029,car_in_other_lane,False,0,[],,False,0.0,True,False,0.0,4.131530976178436e-05,True
